EXTERNALLYLOADEDTABLES,L_Salesforce_Cases,Salesforce Cases,Load Table,CaseNumber,Case Number,VARCHAR(100),,False,L_Salesforce_Cases,,,,,,,0,NULL,0,N
EXTERNALLYLOADEDTABLES,L_Salesforce_Cases,Salesforce Cases,Load Table,Subject,Subject,VARCHAR(256),,True,L_Salesforce_Cases,,,,,,,0,NULL,0,N
EXTERNALLYLOADEDTABLES,L_Salesforce_Cases,Salesforce Cases,Load Table,Status,Status,VARCHAR(64),,True,L_Salesforce_Cases,,,,,,,0,NULL,0,N
EXTERNALLYLOADEDTABLES,L_Salesforce_Cases,Salesforce Cases,Load Table,RecordTypeID,Record Type ID,VARCHAR(64),,True,L_Salesforce_Cases,,,,,,,0,NULL,0,N
EXTERNALLYLOADEDTABLES,L_Salesforce_Cases,Salesforce Cases,Load Table,Type,Type,VARCHAR(100),,True,L_Salesforce_Cases,,,,,,,0,NULL,0,N
EXTERNALLYLOADEDTABLES,L_Salesforce_Cases,Salesforce Cases,Load Table,CreatedDate,Created Date,VARCHAR(64),,True,L_Salesforce_Cases,,,,,,,0,NULL,0,N
EXTERNALLYLOADEDTABLES,L_Salesforce_Cases,Salesforce Cases,Load Table,CreatedByID,Created By ID,VARCHAR(64),,True,L_Salesforce_Cases,,,,,,,0,NULL,0,N
EXTERNALLYLOADEDTABLES,L_Salesforce_Cases,Salesforce Cases,Load Table,CaseOrigin,Case Origin,VARCHAR(64),,True,L_Salesforce_Cases,,,,,,,0,NULL,0,N
EXTERNALLYLOADEDTABLES,L_Salesforce_Cases,Salesforce Cases,Load Table,ID,ID,VARCHAR(64),,False,L_Salesforce_Cases,,,,,,,0,NULL,0,N
EXTERNALLYLOADEDTABLES,L_Salesforce_Cases,Salesforce Cases,Load Table,IsClosed,Is Closed,VARCHAR(24),,True,L_Salesforce_Cases,,,,,,,0,NULL,0,N
EXTERNALLYLOADEDTABLES,L_Salesforce_Cases,Salesforce Cases,Load Table,IsDeleted,Is Deleted,VARCHAR(24),,True,L_Salesforce_Cases,,,,,,,0,NULL,0,N
EXTERNALLYLOADEDTABLES,L_Salesforce_Cases,Salesforce Cases,Load Table,IsEscalated,Is Escalated,VARCHAR(24),,True,L_Salesforce_Cases,,,,,,,0,NULL,0,N
EXTERNALLYLOADEDTABLES,L_Salesforce_Cases,Salesforce Cases,Load Table,ICPPremiseType,ICP Premise Type,VARCHAR(100),,True,L_Salesforce_Cases,,,,,,,0,NULL,0,N
EXTERNALLYLOADEDTABLES,L_Salesforce_Cases,Salesforce Cases,Load Table,Priority,Priority,VARCHAR(64),,True,L_Salesforce_Cases,,,,,,,0,NULL,0,N
EXTERNALLYLOADEDTABLES,L_Salesforce_Cases,Salesforce Cases,Load Table,LocationID,Location ID,VARCHAR(64),,True,L_Salesforce_Cases,,,,,,,0,NULL,0,N
EXTERNALLYLOADEDTABLES,L_Salesforce_Cases,Salesforce Cases,Load Table,Locality,Locality,VARCHAR(64),,True,L_Salesforce_Cases,,,,,,,0,NULL,0,N
EXTERNALLYLOADEDTABLES,L_Salesforce_Cases,Salesforce Cases,Load Table,ReasonForClosure,Reason For Closure,VARCHAR(64),,True,L_Salesforce_Cases,,,,,,,0,NULL,0,N
EXTERNALLYLOADEDTABLES,L_Salesforce_Cases,Salesforce Cases,Load Table,GoogleMaps,GoogleMaps,VARCHAR(100),,True,L_Salesforce_Cases,,,,,,,0,NULL,0,N
EXTERNALLYLOADEDTABLES,L_Salesforce_Cases,Salesforce Cases,Load Table,GenerationType,Generation Type,VARCHAR(256),,True,L_Salesforce_Cases,,,,,,,0,NULL,0,N
EXTERNALLYLOADEDTABLES,L_Salesforce_Cases,Salesforce Cases,Load Table,GenerationCapacity,Generation Capacity,VARCHAR(64),,True,L_Salesforce_Cases,,,,,,,0,NULL,0,N
EXTERNALLYLOADEDTABLES,L_Salesforce_Cases,Salesforce Cases,Load Table,EnergyStorageCapacity,Energy Storage Capacity,VARCHAR(64),,True,L_Salesforce_Cases,,,,,,,0,NULL,0,N
EXTERNALLYLOADEDTABLES,L_Salesforce_Cases,Salesforce Cases,Load Table,EnergyStorageType,Energy Storage Type,VARCHAR(64),,True,L_Salesforce_Cases,,,,,,,0,NULL,0,N
EXTERNALLYLOADEDTABLES,L_Salesforce_Cases,Salesforce Cases,Load Table,Connection,Connection,VARCHAR(64),,True,L_Salesforce_Cases,,,,,,,0,NULL,0,N
EXTERNALLYLOADEDTABLES,L_Salesforce_Cases,Salesforce Cases,Load Table,PreferredRetailer,Preferred Retailer,VARCHAR(64),,True,L_Salesforce_Cases,,,,,,,0,NULL,0,N
EXTERNALLYLOADEDTABLES,L_Salesforce_Cases,Salesforce Cases,Load Table,ModifiedDate,Modified Date,VARCHAR(64),,True,L_Salesforce_Cases,,,,,,,0,NULL,0,N
EXTERNALLYLOADEDTABLES,L_Salesforce_Cases,Salesforce Cases,Load Table,ApplicationRole,Application Role - only leaving in load table as Multi select and probably not required for reporting,VARCHAR(256),,True,L_Salesforce_Cases,,,,,,,0,NULL,0,N
EXTERNALLYLOADEDTABLES,L_Salesforce_Cases,Salesforce Cases,Load Table,AssetNumber,Asset Number,VARCHAR(64),,True,L_Salesforce_Cases,,,,,,,0,NULL,0,N
EXTERNALLYLOADEDTABLES,L_Salesforce_Cases,Salesforce Cases,Load Table,CapacityChargeLoad,Capacity Charge Load,VARCHAR(64),,True,L_Salesforce_Cases,,,,,,,0,NULL,0,N
EXTERNALLYLOADEDTABLES,L_Salesforce_Cases,Salesforce Cases,Load Table,CapacityChargeLots,Capacity Charge Lots,VARCHAR(64),,True,L_Salesforce_Cases,,,,,,,0,NULL,0,N
EXTERNALLYLOADEDTABLES,L_Salesforce_Cases,Salesforce Cases,Load Table,ConnectionPoint,Connection Point,VARCHAR(64),,True,L_Salesforce_Cases,,,,,,,0,NULL,0,N
EXTERNALLYLOADEDTABLES,L_Salesforce_Cases,Salesforce Cases,Load Table,ConnectionType,Connection Type,VARCHAR(64),,True,L_Salesforce_Cases,,,,,,,0,NULL,0,N
EXTERNALLYLOADEDTABLES,L_Salesforce_Cases,Salesforce Cases,Load Table,ConnectionVoltage,Connection Voltage,VARCHAR(64),,True,L_Salesforce_Cases,,,,,,,0,NULL,0,N
EXTERNALLYLOADEDTABLES,L_Salesforce_Cases,Salesforce Cases,Load Table,DateAdvised,Date Advised,VARCHAR(64),,True,L_Salesforce_Cases,,,,,,,0,NULL,0,N
EXTERNALLYLOADEDTABLES,L_Salesforce_Cases,Salesforce Cases,Load Table,DateFeedbackReceived,"Date Feedback Received ",VARCHAR(64),,True,L_Salesforce_Cases,,,,,,,0,NULL,0,N
EXTERNALLYLOADEDTABLES,L_Salesforce_Cases,Salesforce Cases,Load Table,DSUB,DSUB,VARCHAR(64),,True,L_Salesforce_Cases,,,,,,,0,NULL,0,N
EXTERNALLYLOADEDTABLES,L_Salesforce_Cases,Salesforce Cases,Load Table,FeedbackArea,Feedback Area,VARCHAR(256),,True,L_Salesforce_Cases,,,,,,,0,NULL,0,N
EXTERNALLYLOADEDTABLES,L_Salesforce_Cases,Salesforce Cases,Load Table,GenerationPhase,Generation Phase,VARCHAR(64),,True,L_Salesforce_Cases,,,,,,,0,NULL,0,N
EXTERNALLYLOADEDTABLES,L_Salesforce_Cases,Salesforce Cases,Load Table,GenerationPhaseColour,Generation Phase Colour,VARCHAR(64),,True,L_Salesforce_Cases,,,,,,,0,NULL,0,N
EXTERNALLYLOADEDTABLES,L_Salesforce_Cases,Salesforce Cases,Load Table,InverterManufacturer,Inverter Manufacturer,VARCHAR(64),,True,L_Salesforce_Cases,,,,,,,0,NULL,0,N
EXTERNALLYLOADEDTABLES,L_Salesforce_Cases,Salesforce Cases,Load Table,InverterModel,Inverter Model,VARCHAR(100),,True,L_Salesforce_Cases,,,,,,,0,NULL,0,N
EXTERNALLYLOADEDTABLES,L_Salesforce_Cases,Salesforce Cases,Load Table,KVAAndPhase,KVA And Phase,VARCHAR(64),,True,L_Salesforce_Cases,,,,,,,0,NULL,0,N
EXTERNALLYLOADEDTABLES,L_Salesforce_Cases,Salesforce Cases,Load Table,NumberOfStages,Number Of Stages,VARCHAR(64),,True,L_Salesforce_Cases,,,,,,,0,NULL,0,N
EXTERNALLYLOADEDTABLES,L_Salesforce_Cases,Salesforce Cases,Load Table,Phase,Phase,VARCHAR(64),,True,L_Salesforce_Cases,,,,,,,0,NULL,0,N
EXTERNALLYLOADEDTABLES,L_Salesforce_Cases,Salesforce Cases,Load Table,PhaseColour,Phase Colour,VARCHAR(64),,True,L_Salesforce_Cases,,,,,,,0,NULL,0,N
EXTERNALLYLOADEDTABLES,L_Salesforce_Cases,Salesforce Cases,Load Table,Stage,Stage,VARCHAR(64),,True,L_Salesforce_Cases,,,,,,,0,NULL,0,N
EXTERNALLYLOADEDTABLES,L_Salesforce_Cases,Salesforce Cases,Load Table,TotalLoad,Total Load,VARCHAR(64),,True,L_Salesforce_Cases,,,,,,,0,NULL,0,N
EXTERNALLYLOADEDTABLES,L_Salesforce_Cases,Salesforce Cases,Load Table,TotalLots,Total Lots,VARCHAR(64),,True,L_Salesforce_Cases,,,,,,,0,NULL,0,N
EXTERNALLYLOADEDTABLES,L_Salesforce_Cases,Salesforce Cases,Load Table,TypeOfComplaint,Type Of Complaint,VARCHAR(64),,True,L_Salesforce_Cases,,,,,,,0,NULL,0,N
EXTERNALLYLOADEDTABLES,L_Salesforce_Cases,Salesforce Cases,Load Table,UnsafeServiceLineType,Unsafe Service Line Type,VARCHAR(256),,True,L_Salesforce_Cases,,,,,,,0,NULL,0,N
EXTERNALLYLOADEDTABLES,L_Salesforce_Cases,Salesforce Cases,Load Table,UtilityDisputesLtd,Utility Disputes Ltd,VARCHAR(64),,True,L_Salesforce_Cases,,,,,,,0,NULL,0,N
EXTERNALLYLOADEDTABLES,L_Salesforce_Cases,Salesforce Cases,Load Table,ClosedDate,Closed Date,VARCHAR(64),,True,L_Salesforce_Cases,,,,,,,0,NULL,0,N
EXTERNALLYLOADEDTABLES,L_Salesforce_Cases,Salesforce Cases,Load Table,Fibre,Fibre,VARCHAR(64),,True,L_Salesforce_Cases,,,,,,,0,NULL,0,N
EXTERNALLYLOADEDTABLES,L_Salesforce_Cases,Salesforce Cases,Load Table,FibrePrebuild,Fibre Prebuild,VARCHAR(64),,True,L_Salesforce_Cases,,,,,,,0,NULL,0,N
EXTERNALLYLOADEDTABLES,L_Salesforce_Cases,Salesforce Cases,Load Table,FibreAvailable,Fibre Available,VARCHAR(64),,True,L_Salesforce_Cases,,,,,,,0,NULL,0,N
EXTERNALLYLOADEDTABLES,L_Salesforce_Locations,Salesforce record types,Load Table,RecordID,Record  ID,VARCHAR(64),,False,L_Salesforce_Locations,,,,,,,0,NULL,0,N
EXTERNALLYLOADEDTABLES,L_Salesforce_Locations,Salesforce record types,Load Table,Location,Location,VARCHAR(64),,True,L_Salesforce_Locations,,,,,,,0,NULL,0,N
EXTERNALLYLOADEDTABLES,L_Salesforce_Locations,Salesforce record types,Load Table,ICP,ICP,VARCHAR(64),,True,L_Salesforce_Locations,,,,,,,0,NULL,0,N
EXTERNALLYLOADEDTABLES,L_Salesforce_Locations,Salesforce record types,Load Table,Deleted,Deleted,VARCHAR(64),,True,L_Salesforce_Locations,,,,,,,0,NULL,0,N
EXTERNALLYLOADEDTABLES,L_Salesforce_Locations,Salesforce record types,Load Table,GoogleMaps,Google Maps,VARCHAR(MAX),,True,L_Salesforce_Locations,,,,,,,0,NULL,0,N
EXTERNALLYLOADEDTABLES,L_Salesforce_Locations,Salesforce record types,Load Table,GeoLocation,Geo Location,VARCHAR(MAX),,True,L_Salesforce_Locations,,,,,,,0,NULL,0,N
EXTERNALLYLOADEDTABLES,L_Salesforce_Locations,Salesforce record types,Load Table,ModifiedDate,Modified Date,VARCHAR(64),,True,L_Salesforce_Locations,,,,,,,0,NULL,0,N
EXTERNALLYLOADEDTABLES,L_Salesforce_Locations,Salesforce record types,Load Table,HouseNumber,House Number,VARCHAR(64),,True,L_Salesforce_Locations,,,,,,,0,NULL,0,N
EXTERNALLYLOADEDTABLES,L_Salesforce_Locations,Salesforce record types,Load Table,StreetAddress,Street Address,VARCHAR(64),,True,L_Salesforce_Locations,,,,,,,0,NULL,0,N
EXTERNALLYLOADEDTABLES,L_Salesforce_Locations,Salesforce record types,Load Table,Suburb,Suburb,VARCHAR(64),,True,L_Salesforce_Locations,,,,,,,0,NULL,0,N
EXTERNALLYLOADEDTABLES,L_Salesforce_Locations,Salesforce record types,Load Table,City,City,VARCHAR(64),,True,L_Salesforce_Locations,,,,,,,0,NULL,0,N
EXTERNALLYLOADEDTABLES,L_Salesforce_RecordTypes,Salesforce record types,Load Table,RecordTypeID,Record Type ID,VARCHAR(64),,False,L_Salesforce_RecordTypes,,,,,,,0,NULL,0,N
EXTERNALLYLOADEDTABLES,L_Salesforce_RecordTypes,Salesforce record types,Load Table,Name,Name,VARCHAR(64),,True,L_Salesforce_RecordTypes,,,,,,,0,NULL,0,N
EXTERNALLYLOADEDTABLES,L_Salesforce_RecordTypes,Salesforce record types,Load Table,RecordTypeName,Record Type Name,VARCHAR(64),,True,L_Salesforce_RecordTypes,,,,,,,0,NULL,0,N
EXTERNALLYLOADEDTABLES,L_Salesforce_RecordTypes,Salesforce record types,Load Table,Description,Description,VARCHAR(64),,True,L_Salesforce_RecordTypes,,,,,,,0,NULL,0,N
EXTERNALLYLOADEDTABLES,L_Salesforce_RecordTypes,Salesforce record types,Load Table,NamespacePrefix,Namespace Prefix,VARCHAR(64),,True,L_Salesforce_RecordTypes,,,,,,,0,NULL,0,N
EXTERNALLYLOADEDTABLES,L_Salesforce_RecordTypes,Salesforce record types,Load Table,ModifiedDate,Modified Date,VARCHAR(64),,True,L_Salesforce_RecordTypes,,,,,,,0,NULL,0,N
EXTERNALLYLOADEDTABLES,L_Salesforce_WorkOrders,Salesforce record types,Load Table,WorkOrderID,Work Order ID,VARCHAR(64),,True,L_Salesforce_WorkOrders,,,,,,,0,NULL,0,N
EXTERNALLYLOADEDTABLES,L_Salesforce_WorkOrders,Salesforce record types,Load Table,RootWorkOrderID,Root Work Order ID,VARCHAR(64),,True,L_Salesforce_WorkOrders,,,,,,,0,NULL,0,N
EXTERNALLYLOADEDTABLES,L_Salesforce_WorkOrders,Salesforce record types,Load Table,WorkOrderNumber,Work Order Number,VARCHAR(64),,True,L_Salesforce_WorkOrders,,,,,,,0,NULL,0,N
EXTERNALLYLOADEDTABLES,L_Salesforce_WorkOrders,Salesforce record types,Load Table,RecordTypeID,Record Type ID,VARCHAR(64),,True,L_Salesforce_WorkOrders,,,,,,,0,NULL,0,N
EXTERNALLYLOADEDTABLES,L_Salesforce_WorkOrders,Salesforce record types,Load Table,CreatedDate,Created Date,VARCHAR(64),,True,L_Salesforce_WorkOrders,,,,,,,0,NULL,0,N
EXTERNALLYLOADEDTABLES,L_Salesforce_WorkOrders,Salesforce record types,Load Table,ScheduledDate,Scheduled Date,VARCHAR(64),,True,L_Salesforce_WorkOrders,,,,,,,0,NULL,0,N
EXTERNALLYLOADEDTABLES,L_Salesforce_WorkOrders,Salesforce record types,Load Table,DateRequested,Date Requested,VARCHAR(64),,True,L_Salesforce_WorkOrders,,,,,,,0,NULL,0,N
EXTERNALLYLOADEDTABLES,L_Salesforce_WorkOrders,Salesforce record types,Load Table,CaseID,Case ID,VARCHAR(64),,True,L_Salesforce_WorkOrders,,,,,,,0,NULL,0,N
EXTERNALLYLOADEDTABLES,L_Salesforce_WorkOrders,Salesforce record types,Load Table,ConnectionID,Connection ID,VARCHAR(64),,True,L_Salesforce_WorkOrders,,,,,,,0,NULL,0,N
EXTERNALLYLOADEDTABLES,L_Salesforce_WorkOrders,Salesforce record types,Load Table,LocationID,Location ID,VARCHAR(64),,True,L_Salesforce_WorkOrders,,,,,,,0,NULL,0,N
EXTERNALLYLOADEDTABLES,L_Salesforce_WorkOrders,Salesforce record types,Load Table,Priority,Priority,VARCHAR(64),,True,L_Salesforce_WorkOrders,,,,,,,0,NULL,0,N
EXTERNALLYLOADEDTABLES,L_Salesforce_WorkOrders,Salesforce record types,Load Table,ConnectionType,Connection Type,VARCHAR(256),,True,L_Salesforce_WorkOrders,,,,,,,0,NULL,0,N
EXTERNALLYLOADEDTABLES,L_Salesforce_WorkOrders,Salesforce record types,Load Table,Subject,Subject,VARCHAR(256),,True,L_Salesforce_WorkOrders,,,,,,,0,NULL,0,N
EXTERNALLYLOADEDTABLES,L_Salesforce_WorkOrders,Salesforce record types,Load Table,Status,Status,VARCHAR(64),,True,L_Salesforce_WorkOrders,,,,,,,0,NULL,0,N
EXTERNALLYLOADEDTABLES,L_Salesforce_WorkOrders,Salesforce record types,Load Table,StatusCategory,Status Category,VARCHAR(64),,True,L_Salesforce_WorkOrders,,,,,,,0,NULL,0,N
EXTERNALLYLOADEDTABLES,L_Salesforce_WorkOrders,Salesforce record types,Load Table,GenerationType,Generation Type,VARCHAR(256),,True,L_Salesforce_WorkOrders,,,,,,,0,NULL,0,N
EXTERNALLYLOADEDTABLES,L_Salesforce_WorkOrders,Salesforce record types,Load Table,GenerationCapacity,Generation Capacity,VARCHAR(64),,True,L_Salesforce_WorkOrders,,,,,,,0,NULL,0,N
EXTERNALLYLOADEDTABLES,L_Salesforce_WorkOrders,Salesforce record types,Load Table,EnergyStorageCapacity,Energy Storage Capacity,VARCHAR(64),,True,L_Salesforce_WorkOrders,,,,,,,0,NULL,0,N
EXTERNALLYLOADEDTABLES,L_Salesforce_WorkOrders,Salesforce record types,Load Table,EnergyStorageType,Energy Storage Type,VARCHAR(64),,True,L_Salesforce_WorkOrders,,,,,,,0,NULL,0,N
EXTERNALLYLOADEDTABLES,L_Salesforce_WorkOrders,Salesforce record types,Load Table,WorkType,Work Type,VARCHAR(64),,True,L_Salesforce_WorkOrders,,,,,,,0,NULL,0,N
EXTERNALLYLOADEDTABLES,L_Salesforce_WorkOrders,Salesforce record types,Load Table,ModifiedDate,Modified Date,VARCHAR(64),,True,L_Salesforce_WorkOrders,,,,,,,0,NULL,0,N
EXTERNALLYLOADEDTABLES,L_Salesforce_WorkOrders,Salesforce record types,Load Table,ApprovalDate,Approval Date,VARCHAR(64),,True,L_Salesforce_WorkOrders,,,,,,,0,NULL,0,N
EXTERNALLYLOADEDTABLES,L_Salesforce_WorkOrders,Salesforce record types,Load Table,ApprovalType,Approval Type,VARCHAR(64),,True,L_Salesforce_WorkOrders,,,,,,,0,NULL,0,N
EXTERNALLYLOADEDTABLES,L_Salesforce_WorkOrders,Salesforce record types,Load Table,AssemblyCode,Assembly Code,VARCHAR(64),,True,L_Salesforce_WorkOrders,,,,,,,0,NULL,0,N
EXTERNALLYLOADEDTABLES,L_Salesforce_WorkOrders,Salesforce record types,Load Table,ConnectionPoint,Connection Point,VARCHAR(64),,True,L_Salesforce_WorkOrders,,,,,,,0,NULL,0,N
EXTERNALLYLOADEDTABLES,L_Salesforce_WorkOrders,Salesforce record types,Load Table,ConnectionVoltage,Connection Voltage,VARCHAR(64),,True,L_Salesforce_WorkOrders,,,,,,,0,NULL,0,N
EXTERNALLYLOADEDTABLES,L_Salesforce_WorkOrders,Salesforce record types,Load Table,FuseCurrentRatings,Fuse Current Ratings,VARCHAR(64),,True,L_Salesforce_WorkOrders,,,,,,,0,NULL,0,N
EXTERNALLYLOADEDTABLES,L_Salesforce_WorkOrders,Salesforce record types,Load Table,InverterManufacturer,Inverter Manufacturer,VARCHAR(64),,True,L_Salesforce_WorkOrders,,,,,,,0,NULL,0,N
EXTERNALLYLOADEDTABLES,L_Salesforce_WorkOrders,Salesforce record types,Load Table,InverterModel,Inverter Model,VARCHAR(100),,True,L_Salesforce_WorkOrders,,,,,,,0,NULL,0,N
EXTERNALLYLOADEDTABLES,L_Salesforce_WorkOrders,Salesforce record types,Load Table,IssuedToProjectManager,Issued To Project Manager,VARCHAR(64),,True,L_Salesforce_WorkOrders,,,,,,,0,NULL,0,N
EXTERNALLYLOADEDTABLES,L_Salesforce_WorkOrders,Salesforce record types,Load Table,PaymentReceived,Payment Received,VARCHAR(64),,True,L_Salesforce_WorkOrders,,,,,,,0,NULL,0,N
EXTERNALLYLOADEDTABLES,L_Salesforce_WorkOrders,Salesforce record types,Load Table,Phase,Phase,VARCHAR(64),,True,L_Salesforce_WorkOrders,,,,,,,0,NULL,0,N
EXTERNALLYLOADEDTABLES,L_Salesforce_WorkOrders,Salesforce record types,Load Table,PhaseColour,Phase Colour,VARCHAR(64),,True,L_Salesforce_WorkOrders,,,,,,,0,NULL,0,N
EXTERNALLYLOADEDTABLES,L_Salesforce_WorkOrders,Salesforce record types,Load Table,QuoteExpired,Quote Expired,VARCHAR(64),,True,L_Salesforce_WorkOrders,,,,,,,0,NULL,0,N
EXTERNALLYLOADEDTABLES,L_Salesforce_WorkOrders,Salesforce record types,Load Table,QuoteRequested,Quote Requested,VARCHAR(64),,True,L_Salesforce_WorkOrders,,,,,,,0,NULL,0,N
EXTERNALLYLOADEDTABLES,L_Salesforce_WorkOrders,Salesforce record types,Load Table,QuoteSent,Quote Sent,VARCHAR(64),,True,L_Salesforce_WorkOrders,,,,,,,0,NULL,0,N
EXTERNALLYLOADEDTABLES,L_Salesforce_WorkOrders,Salesforce record types,Load Table,RetailerAcceptance,Retailer Acceptance,VARCHAR(64),,True,L_Salesforce_WorkOrders,,,,,,,0,NULL,0,N
EXTERNALLYLOADEDTABLES,L_Salesforce_WorkOrders,Salesforce record types,Load Table,RetailerAuthority,Retailer Authority,VARCHAR(64),,True,L_Salesforce_WorkOrders,,,,,,,0,NULL,0,N
EXTERNALLYLOADEDTABLES,L_Salesforce_WorkOrders,Salesforce record types,Load Table,ServiceMain,Service Main,VARCHAR(64),,True,L_Salesforce_WorkOrders,,,,,,,0,NULL,0,N
EXTERNALLYLOADEDTABLES,L_Salesforce_WorkOrders,Salesforce record types,Load Table,IsClosed,Is Closed,VARCHAR(64),,True,L_Salesforce_WorkOrders,,,,,,,0,NULL,0,N
EXTERNALLYLOADEDTABLES,L_Salesforce_WorkOrders,Salesforce record types,Load Table,Deleted,Deleted,VARCHAR(64),,True,L_Salesforce_WorkOrders,,,,,,,0,NULL,0,N
EXTERNALLYLOADEDTABLES,L_Salesforce_WorkOrders,Salesforce record types,Load Table,ControlledLoadRequired,Controlled Load Required,VARCHAR(64),,True,L_Salesforce_WorkOrders,,,,,,,0,NULL,0,N
EXTERNALLYLOADEDTABLES,L_Salesforce_WorkOrders,Salesforce record types,Load Table,CapacityCharge,Capacity Charge,VARCHAR(64),,True,L_Salesforce_WorkOrders,,,,,,,0,NULL,0,N
EXTERNALLYLOADEDTABLES,L_Salesforce_WorkOrders,Salesforce record types,Load Table,ContractingTotalPrice,Contracting Total Price,VARCHAR(64),,True,L_Salesforce_WorkOrders,,,,,,,0,NULL,0,N
,I_SalesforceCases,Saleforce Case information,Stage Table,CaseCode,Case Code,VARCHAR(64),,False,I_SalesforceCases,FROM     [TABLEOWNER].[L_Salesforce_Cases],EXTERNALLYLOADEDTABLES,L_Salesforce_Cases,ID,,,238,NULL,0,N
,I_SalesforceCases,Saleforce Case information,Stage Table,CaseNumber,Case Number,INTEGER,,False,I_SalesforceCases,FROM     [TABLEOWNER].[L_Salesforce_Cases],EXTERNALLYLOADEDTABLES,L_Salesforce_Cases,CaseNumber,,,238,NULL,0,N
,I_SalesforceCases,Saleforce Case information,Stage Table,Subject,Subject,VARCHAR(256),,True,I_SalesforceCases,FROM     [TABLEOWNER].[L_Salesforce_Cases],EXTERNALLYLOADEDTABLES,L_Salesforce_Cases,Subject,,,238,NULL,0,N
,I_SalesforceCases,Saleforce Case information,Stage Table,Status,Status,VARCHAR(64),,True,I_SalesforceCases,FROM     [TABLEOWNER].[L_Salesforce_Cases],EXTERNALLYLOADEDTABLES,L_Salesforce_Cases,Status,,,238,NULL,0,N
,I_SalesforceCases,Saleforce Case information,Stage Table,RecordTypeCode,Record Type Code,VARCHAR(64),,True,I_SalesforceCases,FROM     [TABLEOWNER].[L_Salesforce_Cases],EXTERNALLYLOADEDTABLES,L_Salesforce_Cases,RecordTypeID,,,238,NULL,0,N
,I_SalesforceCases,Saleforce Case information,Stage Table,Type,Type,VARCHAR(100),,True,I_SalesforceCases,FROM     [TABLEOWNER].[L_Salesforce_Cases],EXTERNALLYLOADEDTABLES,L_Salesforce_Cases,Type,"ISNULL(L_Salesforce_Cases.Type, 'Not Applicable')",,238,NULL,0,N
,I_SalesforceCases,Saleforce Case information,Stage Table,CreatedDate,Created Date,DATETIME,,True,I_SalesforceCases,FROM     [TABLEOWNER].[L_Salesforce_Cases],EXTERNALLYLOADEDTABLES,L_Salesforce_Cases,CreatedDate,,,238,NULL,0,N
,I_SalesforceCases,Saleforce Case information,Stage Table,IsClosed,Is Closed,VARCHAR(24),,True,I_SalesforceCases,FROM     [TABLEOWNER].[L_Salesforce_Cases],EXTERNALLYLOADEDTABLES,L_Salesforce_Cases,IsClosed,,,238,NULL,0,N
,I_SalesforceCases,Saleforce Case information,Stage Table,IsDeleted,Is Deleted,VARCHAR(24),,True,I_SalesforceCases,FROM     [TABLEOWNER].[L_Salesforce_Cases],EXTERNALLYLOADEDTABLES,L_Salesforce_Cases,IsDeleted,,,238,NULL,0,N
,I_SalesforceCases,Saleforce Case information,Stage Table,ICPPremiseType,ICP Premise Type,VARCHAR(100),,True,I_SalesforceCases,FROM     [TABLEOWNER].[L_Salesforce_Cases],EXTERNALLYLOADEDTABLES,L_Salesforce_Cases,ICPPremiseType,"ISNULL(L_Salesforce_Cases.ICPPremiseType, 'Not Applicable')",,238,NULL,0,N
,I_SalesforceCases,Saleforce Case information,Stage Table,Priority,Priority,VARCHAR(64),,True,I_SalesforceCases,FROM     [TABLEOWNER].[L_Salesforce_Cases],EXTERNALLYLOADEDTABLES,L_Salesforce_Cases,Priority,,,238,NULL,0,N
,I_SalesforceCases,Saleforce Case information,Stage Table,LocationCode,Location Code,VARCHAR(64),,True,I_SalesforceCases,FROM     [TABLEOWNER].[L_Salesforce_Cases],EXTERNALLYLOADEDTABLES,L_Salesforce_Cases,LocationID,"ISNULL(L_Salesforce_Cases.LocationID, 'Unknown')",,238,NULL,0,N
,I_SalesforceCases,Saleforce Case information,Stage Table,Locality,Locality,VARCHAR(64),,True,I_SalesforceCases,FROM     [TABLEOWNER].[L_Salesforce_Cases],EXTERNALLYLOADEDTABLES,L_Salesforce_Cases,Locality,"ISNULL(L_Salesforce_Cases.Locality, 'Not Applicable')",,238,NULL,0,N
,I_SalesforceCases,Saleforce Case information,Stage Table,ReasonForClosure,Reason For Closure,VARCHAR(64),,True,I_SalesforceCases,FROM     [TABLEOWNER].[L_Salesforce_Cases],EXTERNALLYLOADEDTABLES,L_Salesforce_Cases,ReasonForClosure,"ISNULL(L_Salesforce_Cases.ReasonForClosure, 'Not Applicable')",,238,NULL,0,N
,I_SalesforceCases,Saleforce Case information,Stage Table,GoogleMaps,GoogleMaps,VARCHAR(100),,True,I_SalesforceCases,FROM     [TABLEOWNER].[L_Salesforce_Cases],EXTERNALLYLOADEDTABLES,L_Salesforce_Cases,GoogleMaps,"ISNULL(L_Salesforce_Cases.GoogleMaps, 'Not Applicable')",,238,NULL,0,N
,I_SalesforceCases,Saleforce Case information,Stage Table,Latitude,Latitude,VARCHAR(100),,True,I_SalesforceCases,FROM     [TABLEOWNER].[L_Salesforce_Cases],EXTERNALLYLOADEDTABLES,L_Salesforce_Cases,GoogleMaps,"CASE 		WHEN LEFT(GoogleMaps, 24) = 'https://maps.google.com/' THEN SUBSTRING(GoogleMaps, CHARINDEX('/?q=', GoogleMaps) + 4, CHARINDEX(',', GoogleMaps) - (CHARINDEX('=', GoogleMaps) + 1)) 		ELSE NULL 	END",,238,NULL,0,N
,I_SalesforceCases,Saleforce Case information,Stage Table,Longitude,Longitude,VARCHAR(100),,True,I_SalesforceCases,FROM     [TABLEOWNER].[L_Salesforce_Cases],EXTERNALLYLOADEDTABLES,L_Salesforce_Cases,GoogleMaps,"CASE 		WHEN LEFT(GoogleMaps, 24) = 'https://maps.google.com/' THEN SUBSTRING(GoogleMaps, CHARINDEX(',', GoogleMaps) + 1, CHARINDEX('&', GoogleMaps) - (CHARINDEX(',', GoogleMaps) + 1)) 		ELSE NULL 	END",,238,NULL,0,N
,I_SalesforceCases,Saleforce Case information,Stage Table,CaseOrigin,Case Origin,VARCHAR(64),,True,I_SalesforceCases,FROM     [TABLEOWNER].[L_Salesforce_Cases],EXTERNALLYLOADEDTABLES,L_Salesforce_Cases,CaseOrigin,"ISNULL(L_Salesforce_Cases.CaseOrigin, 'Not Applicable')",,238,NULL,0,N
,I_SalesforceCases,Saleforce Case information,Stage Table,GenerationType,Generation Type,VARCHAR(64),,True,I_SalesforceCases,FROM     [TABLEOWNER].[L_Salesforce_Cases],EXTERNALLYLOADEDTABLES,L_Salesforce_Cases,GenerationType,"--only need the first value as could be multi-select until the change this to single select CASE 		WHEN L_Salesforce_Cases.GenerationType = '[]' THEN 'Not Applicable' 		ELSE CASE 				WHEN CHARINDEX(',', L_Salesforce_Cases.GenerationType) < 1 THEN LTRIM(RTRIM(REPLACE(REPLACE(REPLACE(L_Salesforce_Cases.GenerationType, '""', ''), ']', ''), '[', ''))) 				ELSE LEFT( 					LTRIM(RTRIM(REPLACE(REPLACE(REPLACE(L_Salesforce_Cases.GenerationType, '""', ''), ']', ''), '[', ''))) 					, -1 + CHARINDEX(',', LTRIM(RTRIM(REPLACE(REPLACE(REPLACE(L_Salesforce_Cases.GenerationType, '""', ''), ']', ''), '[', ''))) 					)) 			END 	END",,238,NULL,0,N
,I_SalesforceCases,Saleforce Case information,Stage Table,GenerationCapacity,Generation Capacity,"DECIMAL(15,2)",,True,I_SalesforceCases,FROM     [TABLEOWNER].[L_Salesforce_Cases],EXTERNALLYLOADEDTABLES,L_Salesforce_Cases,GenerationCapacity,"CASE 		WHEN ISNUMERIC(GenerationCapacity) = 1 THEN ISNULL(CONVERT(DECIMAL(15, 2), REPLACE(L_Salesforce_Cases.GenerationCapacity, ',', '')), 0)  		ELSE 0 	END",,238,NULL,0,N
,I_SalesforceCases,Saleforce Case information,Stage Table,EnergyStorageCapacity,Energy Storage Capacity,"DECIMAL(15,2)",,True,I_SalesforceCases,FROM     [TABLEOWNER].[L_Salesforce_Cases],EXTERNALLYLOADEDTABLES,L_Salesforce_Cases,EnergyStorageCapacity,"CASE 		WHEN ISNUMERIC(EnergyStorageCapacity) = 1 THEN ISNULL(CONVERT(DECIMAL(15, 2), REPLACE(L_Salesforce_Cases.EnergyStorageCapacity, ',', '')), 0) 		ELSE 0.00 	END",,238,NULL,0,N
,I_SalesforceCases,Saleforce Case information,Stage Table,EnergyStorageType,Energy Storage Type,VARCHAR(64),,True,I_SalesforceCases,FROM     [TABLEOWNER].[L_Salesforce_Cases],EXTERNALLYLOADEDTABLES,L_Salesforce_Cases,EnergyStorageType,"ISNULL(L_Salesforce_Cases.EnergyStorageType, 'Not Applicable')",,238,NULL,0,N
,I_SalesforceCases,Saleforce Case information,Stage Table,ConnectionCode,Connection Code,VARCHAR(64),,True,I_SalesforceCases,FROM     [TABLEOWNER].[L_Salesforce_Cases],EXTERNALLYLOADEDTABLES,L_Salesforce_Cases,Connection,"ISNULL(L_Salesforce_Cases.Connection, 'Unknown')",,238,NULL,0,N
,I_SalesforceCases,Saleforce Case information,Stage Table,PreferredRetailer,Preferred Retailer,VARCHAR(64),,True,I_SalesforceCases,FROM     [TABLEOWNER].[L_Salesforce_Cases],EXTERNALLYLOADEDTABLES,L_Salesforce_Cases,PreferredRetailer,"ISNULL(L_Salesforce_Cases.PreferredRetailer, 'Not Applicable')",,238,NULL,0,N
,I_SalesforceCases,Saleforce Case information,Stage Table,ModifiedDate,Modified Date,DATETIME,,False,I_SalesforceCases,FROM     [TABLEOWNER].[L_Salesforce_Cases],EXTERNALLYLOADEDTABLES,L_Salesforce_Cases,ModifiedDate,,,238,NULL,0,N
,I_SalesforceCases,Saleforce Case information,Stage Table,AssetNumber,Asset Number,VARCHAR(64),,True,I_SalesforceCases,FROM     [TABLEOWNER].[L_Salesforce_Cases],EXTERNALLYLOADEDTABLES,L_Salesforce_Cases,AssetNumber,"ISNULL(L_Salesforce_Cases.AssetNumber, 'Not Applicable')",,238,NULL,0,N
,I_SalesforceCases,Saleforce Case information,Stage Table,CapacityChargeLoad,Capacity Charge Load,"DECIMAL(15,2)",,True,I_SalesforceCases,FROM     [TABLEOWNER].[L_Salesforce_Cases],EXTERNALLYLOADEDTABLES,L_Salesforce_Cases,CapacityChargeLoad,"CASE 		WHEN ISNUMERIC(L_Salesforce_Cases.CapacityChargeLoad) = 1 THEN ISNULL(CONVERT(DECIMAL(15, 2), REPLACE(L_Salesforce_Cases.CapacityChargeLoad, ',', '')), 0)  ELSE 0 END",,238,NULL,0,N
,I_SalesforceCases,Saleforce Case information,Stage Table,CapacityChargeLots,Capacity Charge Lots,"DECIMAL(15,2)",,True,I_SalesforceCases,FROM     [TABLEOWNER].[L_Salesforce_Cases],EXTERNALLYLOADEDTABLES,L_Salesforce_Cases,CapacityChargeLots,"CASE 		WHEN ISNUMERIC(L_Salesforce_Cases.CapacityChargeLots) = 1 THEN ISNULL(CONVERT(DECIMAL(15, 2), REPLACE(L_Salesforce_Cases.CapacityChargeLots, ',', '')), 0)  ELSE 0 END",,238,NULL,0,N
,I_SalesforceCases,Saleforce Case information,Stage Table,ConnectionPoint,Connection Point,VARCHAR(64),,True,I_SalesforceCases,FROM     [TABLEOWNER].[L_Salesforce_Cases],EXTERNALLYLOADEDTABLES,L_Salesforce_Cases,ConnectionPoint,"ISNULL(L_Salesforce_Cases.ConnectionPoint, 'Not Applicable')",,238,NULL,0,N
,I_SalesforceCases,Saleforce Case information,Stage Table,ConnectionType,Connection Type,VARCHAR(64),,True,I_SalesforceCases,FROM     [TABLEOWNER].[L_Salesforce_Cases],EXTERNALLYLOADEDTABLES,L_Salesforce_Cases,ConnectionType,"ISNULL(L_Salesforce_Cases.ConnectionType, 'Not Applicable')",,238,NULL,0,N
,I_SalesforceCases,Saleforce Case information,Stage Table,ConnectionVoltage,Connection Voltage,VARCHAR(64),,True,I_SalesforceCases,FROM     [TABLEOWNER].[L_Salesforce_Cases],EXTERNALLYLOADEDTABLES,L_Salesforce_Cases,ConnectionVoltage,"ISNULL(L_Salesforce_Cases.ConnectionVoltage, 'Not Applicable')",,238,NULL,0,N
,I_SalesforceCases,Saleforce Case information,Stage Table,DateAdvised,Date Advised,DATETIME,,True,I_SalesforceCases,FROM     [TABLEOWNER].[L_Salesforce_Cases],EXTERNALLYLOADEDTABLES,L_Salesforce_Cases,DateAdvised,,,238,NULL,0,N
,I_SalesforceCases,Saleforce Case information,Stage Table,DateFeedbackReceived,"Date Feedback Received ",DATETIME,,True,I_SalesforceCases,FROM     [TABLEOWNER].[L_Salesforce_Cases],EXTERNALLYLOADEDTABLES,L_Salesforce_Cases,DateFeedbackReceived,,,238,NULL,0,N
,I_SalesforceCases,Saleforce Case information,Stage Table,DSUB,DSUB,VARCHAR(64),,True,I_SalesforceCases,FROM     [TABLEOWNER].[L_Salesforce_Cases],EXTERNALLYLOADEDTABLES,L_Salesforce_Cases,DSUB,"ISNULL(L_Salesforce_Cases.DSUB, 'Not Applicable')",,238,NULL,0,N
,I_SalesforceCases,Saleforce Case information,Stage Table,FeedbackArea,Feedback Area,VARCHAR(64),,True,I_SalesforceCases,FROM     [TABLEOWNER].[L_Salesforce_Cases],EXTERNALLYLOADEDTABLES,L_Salesforce_Cases,FeedbackArea,"--Only use the first value as this can be multi select until the change it single value CASE 		WHEN L_Salesforce_Cases.FeedbackArea = '[]' THEN 'Unknown' 		ELSE CASE 				WHEN CHARINDEX(',', L_Salesforce_Cases.GenerationType) < 1 THEN LTRIM(RTRIM(REPLACE(REPLACE(REPLACE(L_Salesforce_Cases.FeedbackArea, '""', ''), ']', ''), '[', ''))) 				ELSE LEFT(LTRIM(RTRIM(REPLACE(REPLACE(REPLACE(L_Salesforce_Cases.FeedbackArea, '""', ''), ']', ''), '[', ''))) 					, -1 + CHARINDEX(',', LTRIM(RTRIM(REPLACE(REPLACE(REPLACE(L_Salesforce_Cases.FeedbackArea, '""', ''), ']', ''), '[', ''))) 					)) 			END 	END",,238,NULL,0,N
,I_SalesforceCases,Saleforce Case information,Stage Table,GenerationPhase,Generation Phase,VARCHAR(64),,True,I_SalesforceCases,FROM     [TABLEOWNER].[L_Salesforce_Cases],EXTERNALLYLOADEDTABLES,L_Salesforce_Cases,GenerationPhase,"ISNULL(L_Salesforce_Cases.GenerationPhase, 'Not Applicable')",,238,NULL,0,N
,I_SalesforceCases,Saleforce Case information,Stage Table,GenerationPhaseColour,Generation Phase Colour,VARCHAR(64),,True,I_SalesforceCases,FROM     [TABLEOWNER].[L_Salesforce_Cases],EXTERNALLYLOADEDTABLES,L_Salesforce_Cases,GenerationPhaseColour,"ISNULL(L_Salesforce_Cases.GenerationPhaseColour, 'Not Applicable')",,238,NULL,0,N
,I_SalesforceCases,Saleforce Case information,Stage Table,InverterManufacturer,Inverter Manufacturer,VARCHAR(64),,True,I_SalesforceCases,FROM     [TABLEOWNER].[L_Salesforce_Cases],EXTERNALLYLOADEDTABLES,L_Salesforce_Cases,InverterManufacturer,"ISNULL(L_Salesforce_Cases.InverterManufacturer, 'Not Applicable')",,238,NULL,0,N
,I_SalesforceCases,Saleforce Case information,Stage Table,InverterModel,Inverter Model,VARCHAR(100),,True,I_SalesforceCases,FROM     [TABLEOWNER].[L_Salesforce_Cases],EXTERNALLYLOADEDTABLES,L_Salesforce_Cases,InverterModel,"ISNULL(L_Salesforce_Cases.InverterModel, 'Not Applicable')",,238,NULL,0,N
,I_SalesforceCases,Saleforce Case information,Stage Table,KVAAndPhase,KVA And Phase,VARCHAR(64),,True,I_SalesforceCases,FROM     [TABLEOWNER].[L_Salesforce_Cases],EXTERNALLYLOADEDTABLES,L_Salesforce_Cases,KVAAndPhase,"ISNULL(L_Salesforce_Cases.KVAAndPhase, 'Not Applicable')",,238,NULL,0,N
,I_SalesforceCases,Saleforce Case information,Stage Table,NumberOfStages,Number Of Stages,VARCHAR(64),,True,I_SalesforceCases,FROM     [TABLEOWNER].[L_Salesforce_Cases],EXTERNALLYLOADEDTABLES,L_Salesforce_Cases,NumberOfStages,"ISNULL(L_Salesforce_Cases.NumberOfStages, 'Not Applicable')",,238,NULL,0,N
,I_SalesforceCases,Saleforce Case information,Stage Table,Phase,Phase,VARCHAR(64),,True,I_SalesforceCases,FROM     [TABLEOWNER].[L_Salesforce_Cases],EXTERNALLYLOADEDTABLES,L_Salesforce_Cases,Phase,"ISNULL(L_Salesforce_Cases.Phase, 'Not Applicable')",,238,NULL,0,N
,I_SalesforceCases,Saleforce Case information,Stage Table,PhaseColour,Phase Colour,VARCHAR(64),,True,I_SalesforceCases,FROM     [TABLEOWNER].[L_Salesforce_Cases],EXTERNALLYLOADEDTABLES,L_Salesforce_Cases,PhaseColour,"ISNULL(L_Salesforce_Cases.PhaseColour, 'Not Applicable')",,238,NULL,0,N
,I_SalesforceCases,Saleforce Case information,Stage Table,Stage,Stage,VARCHAR(64),,True,I_SalesforceCases,FROM     [TABLEOWNER].[L_Salesforce_Cases],EXTERNALLYLOADEDTABLES,L_Salesforce_Cases,Stage,"ISNULL(L_Salesforce_Cases.Stage, 'Not Applicable')",,238,NULL,0,N
,I_SalesforceCases,Saleforce Case information,Stage Table,TotalLoad,Total Load,"DECIMAL(15,2)",,True,I_SalesforceCases,FROM     [TABLEOWNER].[L_Salesforce_Cases],EXTERNALLYLOADEDTABLES,L_Salesforce_Cases,TotalLoad,"CASE 		WHEN ISNUMERIC(L_Salesforce_Cases.TotalLoad) = 1 THEN ISNULL(CONVERT(DECIMAL(15, 2), REPLACE(L_Salesforce_Cases.TotalLoad, ',', '')), 0)  ELSE 0 END",,238,NULL,0,N
,I_SalesforceCases,Saleforce Case information,Stage Table,TotalLots,Total Lots,"DECIMAL(15,2)",,True,I_SalesforceCases,FROM     [TABLEOWNER].[L_Salesforce_Cases],EXTERNALLYLOADEDTABLES,L_Salesforce_Cases,TotalLots,"CASE 		WHEN ISNUMERIC(L_Salesforce_Cases.TotalLots) = 1 THEN ISNULL(CONVERT(DECIMAL(15, 2), REPLACE(L_Salesforce_Cases.TotalLots, ',', '')), 0)  ELSE 0 END",,238,NULL,0,N
,I_SalesforceCases,Saleforce Case information,Stage Table,TypeOfComplaint,Type Of Complaint,VARCHAR(64),,True,I_SalesforceCases,FROM     [TABLEOWNER].[L_Salesforce_Cases],EXTERNALLYLOADEDTABLES,L_Salesforce_Cases,TypeOfComplaint,"ISNULL(L_Salesforce_Cases.TypeOfComplaint, 'Unknown')",,238,NULL,0,N
,I_SalesforceCases,Saleforce Case information,Stage Table,UnsafeServiceLineType,Unsafe Service Line Type,VARCHAR(MAX),,True,I_SalesforceCases,FROM     [TABLEOWNER].[L_Salesforce_Cases],EXTERNALLYLOADEDTABLES,L_Salesforce_Cases,UnsafeServiceLineType,"CASE 		WHEN L_Salesforce_Cases.UnsafeServiceLineType = '[]' THEN 'Not Applicable' 		ELSE LTRIM(RTRIM(REPLACE(REPLACE(REPLACE(L_Salesforce_Cases.UnsafeServiceLineType, '""', ''), ']', ''), '[', ''))) 	END",,238,NULL,0,N
,I_SalesforceCases,Saleforce Case information,Stage Table,UtilityDisputesLtd,Utility Disputes Ltd,VARCHAR(64),,True,I_SalesforceCases,FROM     [TABLEOWNER].[L_Salesforce_Cases],EXTERNALLYLOADEDTABLES,L_Salesforce_Cases,UtilityDisputesLtd,"ISNULL(L_Salesforce_Cases.UtilityDisputesLtd, 'Not Applicable')",,238,NULL,0,N
,I_SalesforceCases,Saleforce Case information,Stage Table,ClosedDate,Closed Date,DATETIME,,True,I_SalesforceCases,FROM     [TABLEOWNER].[L_Salesforce_Cases],EXTERNALLYLOADEDTABLES,L_Salesforce_Cases,ClosedDate,,,238,NULL,0,N
,I_SalesforceCases,Saleforce Case information,Stage Table,LatestRecordNumber,Latest Record Number,INTEGER,,True,I_SalesforceCases,FROM     [TABLEOWNER].[L_Salesforce_Cases],EXTERNALLYLOADEDTABLES,L_Salesforce_Cases,ID,ROW_NUMBER() over(PARTITION by ID order by  ModifiedDate desc),,238,NULL,0,N
,I_SalesforceCases,Saleforce Case information,Stage Table,FibrePrebuild,Fibre Prebuild,VARCHAR(64),,True,I_SalesforceCases,FROM     [TABLEOWNER].[L_Salesforce_Cases],EXTERNALLYLOADEDTABLES,L_Salesforce_Cases,FibrePrebuild,"ISNULL(L_Salesforce_Cases.FibrePrebuild, 'Unknown')",,238,NULL,0,N
,I_SalesforceCases,Saleforce Case information,Stage Table,FibreAvailable,Fibre Available,VARCHAR(64),,True,I_SalesforceCases,FROM     [TABLEOWNER].[L_Salesforce_Cases],EXTERNALLYLOADEDTABLES,L_Salesforce_Cases,FibreAvailable,"ISNULL(L_Salesforce_Cases.FibreAvailable, 'Unknown')",,238,NULL,0,N
,I_SalesforceCases,Saleforce Case information,Stage Table,ODSCreateDate,Date and time the row was created in the data warehouse.,DATETIME,,True,I_SalesforceCases,FROM     [TABLEOWNER].[L_Salesforce_Cases],,,ODSCreateDate,,,238,NULL,0,N
,I_SalesforceCases,Saleforce Case information,Stage Table,ODSUpdateDate,Date and time the row was updated in the data warehouse.,DATETIME,,True,I_SalesforceCases,FROM     [TABLEOWNER].[L_Salesforce_Cases],,,ODSUpdateDate,,,238,NULL,0,N
,I_SalesforceLocations,Sales force locations with geolocation information,Stage Table,LocationCode,Location Code,VARCHAR(64),,True,I_SalesforceLocations,FROM     [TABLEOWNER].[L_Salesforce_Locations],EXTERNALLYLOADEDTABLES,L_Salesforce_Locations,RecordID,,,239,NULL,0,N
,I_SalesforceLocations,Sales force locations with geolocation information,Stage Table,Location,Location,VARCHAR(64),,True,I_SalesforceLocations,FROM     [TABLEOWNER].[L_Salesforce_Locations],EXTERNALLYLOADEDTABLES,L_Salesforce_Locations,Location,,,239,NULL,0,N
,I_SalesforceLocations,Sales force locations with geolocation information,Stage Table,Deleted,Deleted,VARCHAR(64),,True,I_SalesforceLocations,FROM     [TABLEOWNER].[L_Salesforce_Locations],EXTERNALLYLOADEDTABLES,L_Salesforce_Locations,Deleted,"ISNULL(L_Salesforce_Locations.Deleted, 'Not Applicable')",,239,NULL,0,N
,I_SalesforceLocations,Sales force locations with geolocation information,Stage Table,GoogleMaps,Google Maps,VARCHAR(MAX),,True,I_SalesforceLocations,FROM     [TABLEOWNER].[L_Salesforce_Locations],EXTERNALLYLOADEDTABLES,L_Salesforce_Locations,GoogleMaps,"ISNULL(L_Salesforce_Locations.GoogleMaps, 'Not Applicable')",,239,NULL,0,N
,I_SalesforceLocations,Sales force locations with geolocation information,Stage Table,Latitude,Latitude,VARCHAR(64),,True,I_SalesforceLocations,FROM     [TABLEOWNER].[L_Salesforce_Locations],EXTERNALLYLOADEDTABLES,L_Salesforce_Locations,GoogleMaps,"SUBSTRING(GeoLocation, CHARINDEX('""Latitude"":', GeoLocation) + 11, CHARINDEX('}', GeoLocation) - (CHARINDEX('""Latitude"":', GeoLocation) + 11))",,239,NULL,0,N
,I_SalesforceLocations,Sales force locations with geolocation information,Stage Table,Longitude,Longitude,VARCHAR(64),,True,I_SalesforceLocations,FROM     [TABLEOWNER].[L_Salesforce_Locations],EXTERNALLYLOADEDTABLES,L_Salesforce_Locations,GoogleMaps,"SUBSTRING(GeoLocation, CHARINDEX('""Longitude"":', GeoLocation) + 12, CHARINDEX(',""Latitude""', GeoLocation) - (CHARINDEX('""Longitude"":', GeoLocation) + 12))",,239,NULL,0,N
,I_SalesforceLocations,Sales force locations with geolocation information,Stage Table,ModifiedDate,Modified Date,VARCHAR(64),,False,I_SalesforceLocations,FROM     [TABLEOWNER].[L_Salesforce_Locations],EXTERNALLYLOADEDTABLES,L_Salesforce_Locations,ModifiedDate,,,239,NULL,0,N
,I_SalesforceLocations,Sales force locations with geolocation information,Stage Table,LatestRecordNumber,Latest Record Number,INTEGER,,True,I_SalesforceLocations,FROM     [TABLEOWNER].[L_Salesforce_Locations],,,,"ROW_NUMBER() over(PARTITION by L_Salesforce_Locations.RecordID order by  ModifiedDate desc) ",,239,NULL,0,N
,I_SalesforceLocations,Sales force locations with geolocation information,Stage Table,HouseNumber,House Number,VARCHAR(64),,True,I_SalesforceLocations,FROM     [TABLEOWNER].[L_Salesforce_Locations],EXTERNALLYLOADEDTABLES,L_Salesforce_Locations,HouseNumber,"ISNULL(L_Salesforce_Locations.HouseNumber, 'Unknown')",,239,NULL,0,N
,I_SalesforceLocations,Sales force locations with geolocation information,Stage Table,StreetAddress,Street Address,VARCHAR(64),,True,I_SalesforceLocations,FROM     [TABLEOWNER].[L_Salesforce_Locations],EXTERNALLYLOADEDTABLES,L_Salesforce_Locations,StreetAddress,"ISNULL(L_Salesforce_Locations.StreetAddress, 'Unknown')",,239,NULL,0,N
,I_SalesforceLocations,Sales force locations with geolocation information,Stage Table,Suburb,Suburb,VARCHAR(64),,True,I_SalesforceLocations,FROM     [TABLEOWNER].[L_Salesforce_Locations],EXTERNALLYLOADEDTABLES,L_Salesforce_Locations,Suburb,"ISNULL(L_Salesforce_Locations.Suburb, 'Unknown')",,239,NULL,0,N
,I_SalesforceLocations,Sales force locations with geolocation information,Stage Table,City,City,VARCHAR(64),,True,I_SalesforceLocations,FROM     [TABLEOWNER].[L_Salesforce_Locations],EXTERNALLYLOADEDTABLES,L_Salesforce_Locations,City,"ISNULL(L_Salesforce_Locations.City, 'Unknown')",,239,NULL,0,N
,I_SalesforceLocations,Sales force locations with geolocation information,Stage Table,ICPorFSL,ICP or FSL,VARCHAR(64),,True,I_SalesforceLocations,FROM     [TABLEOWNER].[L_Salesforce_Locations],EXTERNALLYLOADEDTABLES,L_Salesforce_Locations,ICP,,,239,NULL,0,N
,I_SalesforceLocations,Sales force locations with geolocation information,Stage Table,ODSCreateDate,Date and time the row was created in the data warehouse.,DATETIME,,True,I_SalesforceLocations,FROM     [TABLEOWNER].[L_Salesforce_Locations],,,ODSCreateDate,,,239,NULL,0,N
,I_SalesforceLocations,Sales force locations with geolocation information,Stage Table,ODSUpdateDate,Date and time the row was updated in the data warehouse.,DATETIME,,True,I_SalesforceLocations,FROM     [TABLEOWNER].[L_Salesforce_Locations],,,ODSUpdateDate,,,239,NULL,0,N
,I_SalesforceRecordTypes,Salesforce record type of cases or work orders,Stage Table,RecordTypeCode,Record Type Code,VARCHAR(64),,True,I_SalesforceRecordTypes,FROM     [TABLEOWNER].[L_Salesforce_RecordTypes],EXTERNALLYLOADEDTABLES,L_Salesforce_RecordTypes,RecordTypeID,,,240,NULL,0,N
,I_SalesforceRecordTypes,Salesforce record type of cases or work orders,Stage Table,RecordType,Record Type,VARCHAR(64),,True,I_SalesforceRecordTypes,FROM     [TABLEOWNER].[L_Salesforce_RecordTypes],EXTERNALLYLOADEDTABLES,L_Salesforce_RecordTypes,Name,,,240,NULL,0,N
,I_SalesforceRecordTypes,Salesforce record type of cases or work orders,Stage Table,LatestRecordNumber,Latest Record Number,INTEGER,,True,I_SalesforceRecordTypes,FROM     [TABLEOWNER].[L_Salesforce_RecordTypes],,,,"ROW_NUMBER() over(PARTITION by L_Salesforce_RecordTypes.RecordTypeID order by  ModifiedDate desc) ",,240,NULL,0,N
,I_SalesforceRecordTypes,Salesforce record type of cases or work orders,Stage Table,ModifiedDate,Modified Date,VARCHAR(64),,True,I_SalesforceRecordTypes,FROM     [TABLEOWNER].[L_Salesforce_RecordTypes],EXTERNALLYLOADEDTABLES,L_Salesforce_RecordTypes,ModifiedDate,,,240,NULL,0,N
,I_SalesforceRecordTypes,Salesforce record type of cases or work orders,Stage Table,ODSCreateDate,Date and time the row was created in the data warehouse.,DATETIME,,True,I_SalesforceRecordTypes,FROM     [TABLEOWNER].[L_Salesforce_RecordTypes],,,ODSCreateDate,,,240,NULL,0,N
,I_SalesforceRecordTypes,Salesforce record type of cases or work orders,Stage Table,ODSUpdateDate,Date and time the row was updated in the data warehouse.,DATETIME,,True,I_SalesforceRecordTypes,FROM     [TABLEOWNER].[L_Salesforce_RecordTypes],,,ODSUpdateDate,,,240,NULL,0,N
,I_SalesforceWorkOrders,Sales force Work Orders,Stage Table,WorkOrderCode,Work Order Code,VARCHAR(64),,True,I_SalesforceWorkOrders,FROM     [TABLEOWNER].[L_Salesforce_WorkOrders] LEFT OUTER JOIN [TABLEOWNER].[D_SalesforceCaseDetails] ON L_Salesforce_WorkOrders.CaseID = D_SalesforceCaseDetails.CaseCode --joining to get the location information from the case for each work order LEFT JOIN F_SalesforceCases 	ON D_SalesforceCaseDetails.D_SalesforceCaseDetail_key = F_SalesforceCases.D_SalesforceCaseDetail_key LEFT JOIN D_SalesforceLocations 	ON F_SalesforceCases.D_SalesforceLocations_key = D_SalesforceLocations.D_SalesforceLocations_key,EXTERNALLYLOADEDTABLES,L_Salesforce_WorkOrders,WorkOrderID,,,241,NULL,0,N
,I_SalesforceWorkOrders,Sales force Work Orders,Stage Table,RootWorkOrderID,Root Work Order ID,VARCHAR(64),,True,I_SalesforceWorkOrders,FROM     [TABLEOWNER].[L_Salesforce_WorkOrders] LEFT OUTER JOIN [TABLEOWNER].[D_SalesforceCaseDetails] ON L_Salesforce_WorkOrders.CaseID = D_SalesforceCaseDetails.CaseCode --joining to get the location information from the case for each work order LEFT JOIN F_SalesforceCases 	ON D_SalesforceCaseDetails.D_SalesforceCaseDetail_key = F_SalesforceCases.D_SalesforceCaseDetail_key LEFT JOIN D_SalesforceLocations 	ON F_SalesforceCases.D_SalesforceLocations_key = D_SalesforceLocations.D_SalesforceLocations_key,EXTERNALLYLOADEDTABLES,L_Salesforce_WorkOrders,RootWorkOrderID,,,241,NULL,0,N
,I_SalesforceWorkOrders,Sales force Work Orders,Stage Table,WorkOrderNumber,Work Order Number,INTEGER,,True,I_SalesforceWorkOrders,FROM     [TABLEOWNER].[L_Salesforce_WorkOrders] LEFT OUTER JOIN [TABLEOWNER].[D_SalesforceCaseDetails] ON L_Salesforce_WorkOrders.CaseID = D_SalesforceCaseDetails.CaseCode --joining to get the location information from the case for each work order LEFT JOIN F_SalesforceCases 	ON D_SalesforceCaseDetails.D_SalesforceCaseDetail_key = F_SalesforceCases.D_SalesforceCaseDetail_key LEFT JOIN D_SalesforceLocations 	ON F_SalesforceCases.D_SalesforceLocations_key = D_SalesforceLocations.D_SalesforceLocations_key,EXTERNALLYLOADEDTABLES,L_Salesforce_WorkOrders,WorkOrderNumber,,,241,NULL,0,N
,I_SalesforceWorkOrders,Sales force Work Orders,Stage Table,RecordTypeCode,Record Type Code,VARCHAR(64),,True,I_SalesforceWorkOrders,FROM     [TABLEOWNER].[L_Salesforce_WorkOrders] LEFT OUTER JOIN [TABLEOWNER].[D_SalesforceCaseDetails] ON L_Salesforce_WorkOrders.CaseID = D_SalesforceCaseDetails.CaseCode --joining to get the location information from the case for each work order LEFT JOIN F_SalesforceCases 	ON D_SalesforceCaseDetails.D_SalesforceCaseDetail_key = F_SalesforceCases.D_SalesforceCaseDetail_key LEFT JOIN D_SalesforceLocations 	ON F_SalesforceCases.D_SalesforceLocations_key = D_SalesforceLocations.D_SalesforceLocations_key,EXTERNALLYLOADEDTABLES,L_Salesforce_WorkOrders,RecordTypeID,,,241,NULL,0,N
,I_SalesforceWorkOrders,Sales force Work Orders,Stage Table,CreatedDate,Created Date,DATETIME,,True,I_SalesforceWorkOrders,FROM     [TABLEOWNER].[L_Salesforce_WorkOrders] LEFT OUTER JOIN [TABLEOWNER].[D_SalesforceCaseDetails] ON L_Salesforce_WorkOrders.CaseID = D_SalesforceCaseDetails.CaseCode --joining to get the location information from the case for each work order LEFT JOIN F_SalesforceCases 	ON D_SalesforceCaseDetails.D_SalesforceCaseDetail_key = F_SalesforceCases.D_SalesforceCaseDetail_key LEFT JOIN D_SalesforceLocations 	ON F_SalesforceCases.D_SalesforceLocations_key = D_SalesforceLocations.D_SalesforceLocations_key,EXTERNALLYLOADEDTABLES,L_Salesforce_WorkOrders,CreatedDate,,,241,NULL,0,N
,I_SalesforceWorkOrders,Sales force Work Orders,Stage Table,ScheduledDate,Scheduled Date,DATETIME,,True,I_SalesforceWorkOrders,FROM     [TABLEOWNER].[L_Salesforce_WorkOrders] LEFT OUTER JOIN [TABLEOWNER].[D_SalesforceCaseDetails] ON L_Salesforce_WorkOrders.CaseID = D_SalesforceCaseDetails.CaseCode --joining to get the location information from the case for each work order LEFT JOIN F_SalesforceCases 	ON D_SalesforceCaseDetails.D_SalesforceCaseDetail_key = F_SalesforceCases.D_SalesforceCaseDetail_key LEFT JOIN D_SalesforceLocations 	ON F_SalesforceCases.D_SalesforceLocations_key = D_SalesforceLocations.D_SalesforceLocations_key,EXTERNALLYLOADEDTABLES,L_Salesforce_WorkOrders,ScheduledDate,,,241,NULL,0,N
,I_SalesforceWorkOrders,Sales force Work Orders,Stage Table,ApprovalDate,Approval Date,DATETIME,,True,I_SalesforceWorkOrders,FROM     [TABLEOWNER].[L_Salesforce_WorkOrders] LEFT OUTER JOIN [TABLEOWNER].[D_SalesforceCaseDetails] ON L_Salesforce_WorkOrders.CaseID = D_SalesforceCaseDetails.CaseCode --joining to get the location information from the case for each work order LEFT JOIN F_SalesforceCases 	ON D_SalesforceCaseDetails.D_SalesforceCaseDetail_key = F_SalesforceCases.D_SalesforceCaseDetail_key LEFT JOIN D_SalesforceLocations 	ON F_SalesforceCases.D_SalesforceLocations_key = D_SalesforceLocations.D_SalesforceLocations_key,EXTERNALLYLOADEDTABLES,L_Salesforce_WorkOrders,ApprovalDate,,,241,NULL,0,N
,I_SalesforceWorkOrders,Sales force Work Orders,Stage Table,DateRequested,Date Requested,DATETIME,,True,I_SalesforceWorkOrders,FROM     [TABLEOWNER].[L_Salesforce_WorkOrders] LEFT OUTER JOIN [TABLEOWNER].[D_SalesforceCaseDetails] ON L_Salesforce_WorkOrders.CaseID = D_SalesforceCaseDetails.CaseCode --joining to get the location information from the case for each work order LEFT JOIN F_SalesforceCases 	ON D_SalesforceCaseDetails.D_SalesforceCaseDetail_key = F_SalesforceCases.D_SalesforceCaseDetail_key LEFT JOIN D_SalesforceLocations 	ON F_SalesforceCases.D_SalesforceLocations_key = D_SalesforceLocations.D_SalesforceLocations_key,EXTERNALLYLOADEDTABLES,L_Salesforce_WorkOrders,DateRequested,,,241,NULL,0,N
,I_SalesforceWorkOrders,Sales force Work Orders,Stage Table,CaseCode,Case Code,VARCHAR(64),,True,I_SalesforceWorkOrders,FROM     [TABLEOWNER].[L_Salesforce_WorkOrders] LEFT OUTER JOIN [TABLEOWNER].[D_SalesforceCaseDetails] ON L_Salesforce_WorkOrders.CaseID = D_SalesforceCaseDetails.CaseCode --joining to get the location information from the case for each work order LEFT JOIN F_SalesforceCases 	ON D_SalesforceCaseDetails.D_SalesforceCaseDetail_key = F_SalesforceCases.D_SalesforceCaseDetail_key LEFT JOIN D_SalesforceLocations 	ON F_SalesforceCases.D_SalesforceLocations_key = D_SalesforceLocations.D_SalesforceLocations_key,EXTERNALLYLOADEDTABLES,L_Salesforce_WorkOrders,CaseID,,,241,NULL,0,N
,I_SalesforceWorkOrders,Sales force Work Orders,Stage Table,ConnectionCode,Connection Code,VARCHAR(64),,True,I_SalesforceWorkOrders,FROM     [TABLEOWNER].[L_Salesforce_WorkOrders] LEFT OUTER JOIN [TABLEOWNER].[D_SalesforceCaseDetails] ON L_Salesforce_WorkOrders.CaseID = D_SalesforceCaseDetails.CaseCode --joining to get the location information from the case for each work order LEFT JOIN F_SalesforceCases 	ON D_SalesforceCaseDetails.D_SalesforceCaseDetail_key = F_SalesforceCases.D_SalesforceCaseDetail_key LEFT JOIN D_SalesforceLocations 	ON F_SalesforceCases.D_SalesforceLocations_key = D_SalesforceLocations.D_SalesforceLocations_key,EXTERNALLYLOADEDTABLES,L_Salesforce_WorkOrders,ConnectionID,"ISNULL(L_Salesforce_WorkOrders.ConnectionID, 'Unknown')",,241,NULL,0,N
,I_SalesforceWorkOrders,Sales force Work Orders,Stage Table,LocationCode,Location Code,VARCHAR(64),,True,I_SalesforceWorkOrders,FROM     [TABLEOWNER].[L_Salesforce_WorkOrders] LEFT OUTER JOIN [TABLEOWNER].[D_SalesforceCaseDetails] ON L_Salesforce_WorkOrders.CaseID = D_SalesforceCaseDetails.CaseCode --joining to get the location information from the case for each work order LEFT JOIN F_SalesforceCases 	ON D_SalesforceCaseDetails.D_SalesforceCaseDetail_key = F_SalesforceCases.D_SalesforceCaseDetail_key LEFT JOIN D_SalesforceLocations 	ON F_SalesforceCases.D_SalesforceLocations_key = D_SalesforceLocations.D_SalesforceLocations_key,EXTERNALLYLOADEDTABLES,L_Salesforce_WorkOrders,LocationID,"ISNULL(L_Salesforce_WorkOrders.LocationID, 'Unknown')",,241,NULL,0,N
,I_SalesforceWorkOrders,Sales force Work Orders,Stage Table,Priority,Priority,VARCHAR(64),,True,I_SalesforceWorkOrders,FROM     [TABLEOWNER].[L_Salesforce_WorkOrders] LEFT OUTER JOIN [TABLEOWNER].[D_SalesforceCaseDetails] ON L_Salesforce_WorkOrders.CaseID = D_SalesforceCaseDetails.CaseCode --joining to get the location information from the case for each work order LEFT JOIN F_SalesforceCases 	ON D_SalesforceCaseDetails.D_SalesforceCaseDetail_key = F_SalesforceCases.D_SalesforceCaseDetail_key LEFT JOIN D_SalesforceLocations 	ON F_SalesforceCases.D_SalesforceLocations_key = D_SalesforceLocations.D_SalesforceLocations_key,EXTERNALLYLOADEDTABLES,L_Salesforce_WorkOrders,Priority,,,241,NULL,0,N
,I_SalesforceWorkOrders,Sales force Work Orders,Stage Table,ConnectionType,Connection Type,VARCHAR(64),,True,I_SalesforceWorkOrders,FROM     [TABLEOWNER].[L_Salesforce_WorkOrders] LEFT OUTER JOIN [TABLEOWNER].[D_SalesforceCaseDetails] ON L_Salesforce_WorkOrders.CaseID = D_SalesforceCaseDetails.CaseCode --joining to get the location information from the case for each work order LEFT JOIN F_SalesforceCases 	ON D_SalesforceCaseDetails.D_SalesforceCaseDetail_key = F_SalesforceCases.D_SalesforceCaseDetail_key LEFT JOIN D_SalesforceLocations 	ON F_SalesforceCases.D_SalesforceLocations_key = D_SalesforceLocations.D_SalesforceLocations_key,EXTERNALLYLOADEDTABLES,L_Salesforce_WorkOrders,ConnectionType,"--Only use the first value as this can be multi select until the change it single value CASE 		WHEN L_Salesforce_WorkOrders.ConnectionType = '[]' THEN 'Unknown' 		ELSE CASE 				WHEN CHARINDEX(',', L_Salesforce_WorkOrders.ConnectionType) < 1 THEN LTRIM(RTRIM(REPLACE(REPLACE(REPLACE(L_Salesforce_WorkOrders.ConnectionType, '""', ''), ']', ''), '[', ''))) 				ELSE LEFT(LTRIM(RTRIM(REPLACE(REPLACE(REPLACE(L_Salesforce_WorkOrders.ConnectionType, '""', ''), ']', ''), '[', ''))) 					, -1 + CHARINDEX(',', LTRIM(RTRIM(REPLACE(REPLACE(REPLACE(L_Salesforce_WorkOrders.ConnectionType, '""', ''), ']', ''), '[', ''))) 					)) 			END 	END ",,241,NULL,0,N
,I_SalesforceWorkOrders,Sales force Work Orders,Stage Table,GenerationType,Generation Type,VARCHAR(64),,True,I_SalesforceWorkOrders,FROM     [TABLEOWNER].[L_Salesforce_WorkOrders] LEFT OUTER JOIN [TABLEOWNER].[D_SalesforceCaseDetails] ON L_Salesforce_WorkOrders.CaseID = D_SalesforceCaseDetails.CaseCode --joining to get the location information from the case for each work order LEFT JOIN F_SalesforceCases 	ON D_SalesforceCaseDetails.D_SalesforceCaseDetail_key = F_SalesforceCases.D_SalesforceCaseDetail_key LEFT JOIN D_SalesforceLocations 	ON F_SalesforceCases.D_SalesforceLocations_key = D_SalesforceLocations.D_SalesforceLocations_key,EXTERNALLYLOADEDTABLES,L_Salesforce_WorkOrders,GenerationType,"--only need the first value as could be multi-select until the change this to single select CASE 		WHEN L_Salesforce_WorkOrders.GenerationType = '[]' THEN 'Not Applicable' 		ELSE CASE 				WHEN CHARINDEX(',', L_Salesforce_WorkOrders.GenerationType) < 1 THEN LTRIM(RTRIM(REPLACE(REPLACE(REPLACE(L_Salesforce_WorkOrders.GenerationType, '""', ''), ']', ''), '[', ''))) 				ELSE LEFT( 					LTRIM(RTRIM(REPLACE(REPLACE(REPLACE(L_Salesforce_WorkOrders.GenerationType, '""', ''), ']', ''), '[', ''))) 					, -1 + CHARINDEX(',', LTRIM(RTRIM(REPLACE(REPLACE(REPLACE(L_Salesforce_WorkOrders.GenerationType, '""', ''), ']', ''), '[', ''))) 					)) 			END 	END",,241,NULL,0,N
,I_SalesforceWorkOrders,Sales force Work Orders,Stage Table,GenerationCapacity,Generation Capacity,"DECIMAL(15,2)",,True,I_SalesforceWorkOrders,FROM     [TABLEOWNER].[L_Salesforce_WorkOrders] LEFT OUTER JOIN [TABLEOWNER].[D_SalesforceCaseDetails] ON L_Salesforce_WorkOrders.CaseID = D_SalesforceCaseDetails.CaseCode --joining to get the location information from the case for each work order LEFT JOIN F_SalesforceCases 	ON D_SalesforceCaseDetails.D_SalesforceCaseDetail_key = F_SalesforceCases.D_SalesforceCaseDetail_key LEFT JOIN D_SalesforceLocations 	ON F_SalesforceCases.D_SalesforceLocations_key = D_SalesforceLocations.D_SalesforceLocations_key,EXTERNALLYLOADEDTABLES,L_Salesforce_WorkOrders,GenerationCapacity,"CASE 		WHEN ISNUMERIC(L_Salesforce_WorkOrders.GenerationCapacity) = 1 THEN ISNULL(CONVERT(DECIMAL(15, 2), REPLACE(L_Salesforce_WorkOrders.GenerationCapacity, ',', '')), 0)  ELSE 0 END",,241,NULL,0,N
,I_SalesforceWorkOrders,Sales force Work Orders,Stage Table,EnergyStorageCapacity,Energy Storage Capacity,"DECIMAL(15,2)",,True,I_SalesforceWorkOrders,FROM     [TABLEOWNER].[L_Salesforce_WorkOrders] LEFT OUTER JOIN [TABLEOWNER].[D_SalesforceCaseDetails] ON L_Salesforce_WorkOrders.CaseID = D_SalesforceCaseDetails.CaseCode --joining to get the location information from the case for each work order LEFT JOIN F_SalesforceCases 	ON D_SalesforceCaseDetails.D_SalesforceCaseDetail_key = F_SalesforceCases.D_SalesforceCaseDetail_key LEFT JOIN D_SalesforceLocations 	ON F_SalesforceCases.D_SalesforceLocations_key = D_SalesforceLocations.D_SalesforceLocations_key,EXTERNALLYLOADEDTABLES,L_Salesforce_WorkOrders,EnergyStorageCapacity,"CASE 		WHEN ISNUMERIC(L_Salesforce_WorkOrders.EnergyStorageCapacity) = 1 THEN ISNULL(CONVERT(DECIMAL(15, 2), REPLACE(L_Salesforce_WorkOrders.EnergyStorageCapacity, ',', '')), 0)  ELSE 0 END",,241,NULL,0,N
,I_SalesforceWorkOrders,Sales force Work Orders,Stage Table,EnergyStorageType,Energy Storage Type,VARCHAR(64),,True,I_SalesforceWorkOrders,FROM     [TABLEOWNER].[L_Salesforce_WorkOrders] LEFT OUTER JOIN [TABLEOWNER].[D_SalesforceCaseDetails] ON L_Salesforce_WorkOrders.CaseID = D_SalesforceCaseDetails.CaseCode --joining to get the location information from the case for each work order LEFT JOIN F_SalesforceCases 	ON D_SalesforceCaseDetails.D_SalesforceCaseDetail_key = F_SalesforceCases.D_SalesforceCaseDetail_key LEFT JOIN D_SalesforceLocations 	ON F_SalesforceCases.D_SalesforceLocations_key = D_SalesforceLocations.D_SalesforceLocations_key,EXTERNALLYLOADEDTABLES,L_Salesforce_WorkOrders,EnergyStorageType,"ISNULL(L_Salesforce_WorkOrders.EnergyStorageType, 'Not Applicable')",,241,NULL,0,N
,I_SalesforceWorkOrders,Sales force Work Orders,Stage Table,Status,Status,VARCHAR(64),,True,I_SalesforceWorkOrders,FROM     [TABLEOWNER].[L_Salesforce_WorkOrders] LEFT OUTER JOIN [TABLEOWNER].[D_SalesforceCaseDetails] ON L_Salesforce_WorkOrders.CaseID = D_SalesforceCaseDetails.CaseCode --joining to get the location information from the case for each work order LEFT JOIN F_SalesforceCases 	ON D_SalesforceCaseDetails.D_SalesforceCaseDetail_key = F_SalesforceCases.D_SalesforceCaseDetail_key LEFT JOIN D_SalesforceLocations 	ON F_SalesforceCases.D_SalesforceLocations_key = D_SalesforceLocations.D_SalesforceLocations_key,EXTERNALLYLOADEDTABLES,L_Salesforce_WorkOrders,Status,"ISNULL(L_Salesforce_WorkOrders.Status, 'Not Applicable')",,241,NULL,0,N
,I_SalesforceWorkOrders,Sales force Work Orders,Stage Table,StatusCategory,Status Category,VARCHAR(64),,True,I_SalesforceWorkOrders,FROM     [TABLEOWNER].[L_Salesforce_WorkOrders] LEFT OUTER JOIN [TABLEOWNER].[D_SalesforceCaseDetails] ON L_Salesforce_WorkOrders.CaseID = D_SalesforceCaseDetails.CaseCode --joining to get the location information from the case for each work order LEFT JOIN F_SalesforceCases 	ON D_SalesforceCaseDetails.D_SalesforceCaseDetail_key = F_SalesforceCases.D_SalesforceCaseDetail_key LEFT JOIN D_SalesforceLocations 	ON F_SalesforceCases.D_SalesforceLocations_key = D_SalesforceLocations.D_SalesforceLocations_key,EXTERNALLYLOADEDTABLES,L_Salesforce_WorkOrders,StatusCategory,"ISNULL(L_Salesforce_WorkOrders.StatusCategory, 'Not Applicable')",,241,NULL,0,N
,I_SalesforceWorkOrders,Sales force Work Orders,Stage Table,WorkType,Work Type,VARCHAR(64),,True,I_SalesforceWorkOrders,FROM     [TABLEOWNER].[L_Salesforce_WorkOrders] LEFT OUTER JOIN [TABLEOWNER].[D_SalesforceCaseDetails] ON L_Salesforce_WorkOrders.CaseID = D_SalesforceCaseDetails.CaseCode --joining to get the location information from the case for each work order LEFT JOIN F_SalesforceCases 	ON D_SalesforceCaseDetails.D_SalesforceCaseDetail_key = F_SalesforceCases.D_SalesforceCaseDetail_key LEFT JOIN D_SalesforceLocations 	ON F_SalesforceCases.D_SalesforceLocations_key = D_SalesforceLocations.D_SalesforceLocations_key,EXTERNALLYLOADEDTABLES,L_Salesforce_WorkOrders,WorkType,"ISNULL(L_Salesforce_WorkOrders.WorkType, 'Not Applicable')",,241,NULL,0,N
,I_SalesforceWorkOrders,Sales force Work Orders,Stage Table,LatestRecordNumber,Latest Record Number,INTEGER,,True,I_SalesforceWorkOrders,FROM     [TABLEOWNER].[L_Salesforce_WorkOrders] LEFT OUTER JOIN [TABLEOWNER].[D_SalesforceCaseDetails] ON L_Salesforce_WorkOrders.CaseID = D_SalesforceCaseDetails.CaseCode --joining to get the location information from the case for each work order LEFT JOIN F_SalesforceCases 	ON D_SalesforceCaseDetails.D_SalesforceCaseDetail_key = F_SalesforceCases.D_SalesforceCaseDetail_key LEFT JOIN D_SalesforceLocations 	ON F_SalesforceCases.D_SalesforceLocations_key = D_SalesforceLocations.D_SalesforceLocations_key,,,,"ROW_NUMBER() over(PARTITION by L_Salesforce_WorkOrders.WorkOrderID order by  ModifiedDate desc) ",,241,NULL,0,N
,I_SalesforceWorkOrders,Sales force Work Orders,Stage Table,ModifiedDate,Modified Date,DATETIME,,False,I_SalesforceWorkOrders,FROM     [TABLEOWNER].[L_Salesforce_WorkOrders] LEFT OUTER JOIN [TABLEOWNER].[D_SalesforceCaseDetails] ON L_Salesforce_WorkOrders.CaseID = D_SalesforceCaseDetails.CaseCode --joining to get the location information from the case for each work order LEFT JOIN F_SalesforceCases 	ON D_SalesforceCaseDetails.D_SalesforceCaseDetail_key = F_SalesforceCases.D_SalesforceCaseDetail_key LEFT JOIN D_SalesforceLocations 	ON F_SalesforceCases.D_SalesforceLocations_key = D_SalesforceLocations.D_SalesforceLocations_key,EXTERNALLYLOADEDTABLES,L_Salesforce_WorkOrders,ModifiedDate,,,241,NULL,0,N
,I_SalesforceWorkOrders,Sales force Work Orders,Stage Table,ApprovalType,Approval Type,VARCHAR(64),,True,I_SalesforceWorkOrders,FROM     [TABLEOWNER].[L_Salesforce_WorkOrders] LEFT OUTER JOIN [TABLEOWNER].[D_SalesforceCaseDetails] ON L_Salesforce_WorkOrders.CaseID = D_SalesforceCaseDetails.CaseCode --joining to get the location information from the case for each work order LEFT JOIN F_SalesforceCases 	ON D_SalesforceCaseDetails.D_SalesforceCaseDetail_key = F_SalesforceCases.D_SalesforceCaseDetail_key LEFT JOIN D_SalesforceLocations 	ON F_SalesforceCases.D_SalesforceLocations_key = D_SalesforceLocations.D_SalesforceLocations_key,EXTERNALLYLOADEDTABLES,L_Salesforce_WorkOrders,ApprovalType,"ISNULL(L_Salesforce_WorkOrders.ApprovalType, 'Not Applicable')",,241,NULL,0,N
,I_SalesforceWorkOrders,Sales force Work Orders,Stage Table,AssemblyCode,Assembly Code,VARCHAR(64),,True,I_SalesforceWorkOrders,FROM     [TABLEOWNER].[L_Salesforce_WorkOrders] LEFT OUTER JOIN [TABLEOWNER].[D_SalesforceCaseDetails] ON L_Salesforce_WorkOrders.CaseID = D_SalesforceCaseDetails.CaseCode --joining to get the location information from the case for each work order LEFT JOIN F_SalesforceCases 	ON D_SalesforceCaseDetails.D_SalesforceCaseDetail_key = F_SalesforceCases.D_SalesforceCaseDetail_key LEFT JOIN D_SalesforceLocations 	ON F_SalesforceCases.D_SalesforceLocations_key = D_SalesforceLocations.D_SalesforceLocations_key,EXTERNALLYLOADEDTABLES,L_Salesforce_WorkOrders,AssemblyCode,"ISNULL(L_Salesforce_WorkOrders.AssemblyCode, 'Not Applicable')",,241,NULL,0,N
,I_SalesforceWorkOrders,Sales force Work Orders,Stage Table,ConnectionPoint,Connection Point,VARCHAR(64),,True,I_SalesforceWorkOrders,FROM     [TABLEOWNER].[L_Salesforce_WorkOrders] LEFT OUTER JOIN [TABLEOWNER].[D_SalesforceCaseDetails] ON L_Salesforce_WorkOrders.CaseID = D_SalesforceCaseDetails.CaseCode --joining to get the location information from the case for each work order LEFT JOIN F_SalesforceCases 	ON D_SalesforceCaseDetails.D_SalesforceCaseDetail_key = F_SalesforceCases.D_SalesforceCaseDetail_key LEFT JOIN D_SalesforceLocations 	ON F_SalesforceCases.D_SalesforceLocations_key = D_SalesforceLocations.D_SalesforceLocations_key,EXTERNALLYLOADEDTABLES,L_Salesforce_WorkOrders,ConnectionPoint,"ISNULL(L_Salesforce_WorkOrders.ConnectionPoint, 'Not Applicable')",,241,NULL,0,N
,I_SalesforceWorkOrders,Sales force Work Orders,Stage Table,ConnectionVoltage,Connection Voltage,VARCHAR(64),,True,I_SalesforceWorkOrders,FROM     [TABLEOWNER].[L_Salesforce_WorkOrders] LEFT OUTER JOIN [TABLEOWNER].[D_SalesforceCaseDetails] ON L_Salesforce_WorkOrders.CaseID = D_SalesforceCaseDetails.CaseCode --joining to get the location information from the case for each work order LEFT JOIN F_SalesforceCases 	ON D_SalesforceCaseDetails.D_SalesforceCaseDetail_key = F_SalesforceCases.D_SalesforceCaseDetail_key LEFT JOIN D_SalesforceLocations 	ON F_SalesforceCases.D_SalesforceLocations_key = D_SalesforceLocations.D_SalesforceLocations_key,EXTERNALLYLOADEDTABLES,L_Salesforce_WorkOrders,ConnectionVoltage,"ISNULL(L_Salesforce_WorkOrders.ConnectionVoltage, 'Not Applicable')",,241,NULL,0,N
,I_SalesforceWorkOrders,Sales force Work Orders,Stage Table,FuseCurrentRatings,Fuse Current Ratings,VARCHAR(64),,True,I_SalesforceWorkOrders,FROM     [TABLEOWNER].[L_Salesforce_WorkOrders] LEFT OUTER JOIN [TABLEOWNER].[D_SalesforceCaseDetails] ON L_Salesforce_WorkOrders.CaseID = D_SalesforceCaseDetails.CaseCode --joining to get the location information from the case for each work order LEFT JOIN F_SalesforceCases 	ON D_SalesforceCaseDetails.D_SalesforceCaseDetail_key = F_SalesforceCases.D_SalesforceCaseDetail_key LEFT JOIN D_SalesforceLocations 	ON F_SalesforceCases.D_SalesforceLocations_key = D_SalesforceLocations.D_SalesforceLocations_key,EXTERNALLYLOADEDTABLES,L_Salesforce_WorkOrders,FuseCurrentRatings,"ISNULL(L_Salesforce_WorkOrders.FuseCurrentRatings, 'Not Applicable')",,241,NULL,0,N
,I_SalesforceWorkOrders,Sales force Work Orders,Stage Table,InverterManufacturer,Inverter Manufacturer,VARCHAR(64),,True,I_SalesforceWorkOrders,FROM     [TABLEOWNER].[L_Salesforce_WorkOrders] LEFT OUTER JOIN [TABLEOWNER].[D_SalesforceCaseDetails] ON L_Salesforce_WorkOrders.CaseID = D_SalesforceCaseDetails.CaseCode --joining to get the location information from the case for each work order LEFT JOIN F_SalesforceCases 	ON D_SalesforceCaseDetails.D_SalesforceCaseDetail_key = F_SalesforceCases.D_SalesforceCaseDetail_key LEFT JOIN D_SalesforceLocations 	ON F_SalesforceCases.D_SalesforceLocations_key = D_SalesforceLocations.D_SalesforceLocations_key,EXTERNALLYLOADEDTABLES,L_Salesforce_WorkOrders,InverterManufacturer,"ISNULL(L_Salesforce_WorkOrders.InverterManufacturer, 'Not Applicable')",,241,NULL,0,N
,I_SalesforceWorkOrders,Sales force Work Orders,Stage Table,InverterModel,Inverter Model,VARCHAR(100),,True,I_SalesforceWorkOrders,FROM     [TABLEOWNER].[L_Salesforce_WorkOrders] LEFT OUTER JOIN [TABLEOWNER].[D_SalesforceCaseDetails] ON L_Salesforce_WorkOrders.CaseID = D_SalesforceCaseDetails.CaseCode --joining to get the location information from the case for each work order LEFT JOIN F_SalesforceCases 	ON D_SalesforceCaseDetails.D_SalesforceCaseDetail_key = F_SalesforceCases.D_SalesforceCaseDetail_key LEFT JOIN D_SalesforceLocations 	ON F_SalesforceCases.D_SalesforceLocations_key = D_SalesforceLocations.D_SalesforceLocations_key,EXTERNALLYLOADEDTABLES,L_Salesforce_WorkOrders,InverterModel,"ISNULL(L_Salesforce_WorkOrders.InverterModel, 'Not Applicable')",,241,NULL,0,N
,I_SalesforceWorkOrders,Sales force Work Orders,Stage Table,IssuedToProjectManagerDate,Issued To Project Manager Date,DATETIME,,True,I_SalesforceWorkOrders,FROM     [TABLEOWNER].[L_Salesforce_WorkOrders] LEFT OUTER JOIN [TABLEOWNER].[D_SalesforceCaseDetails] ON L_Salesforce_WorkOrders.CaseID = D_SalesforceCaseDetails.CaseCode --joining to get the location information from the case for each work order LEFT JOIN F_SalesforceCases 	ON D_SalesforceCaseDetails.D_SalesforceCaseDetail_key = F_SalesforceCases.D_SalesforceCaseDetail_key LEFT JOIN D_SalesforceLocations 	ON F_SalesforceCases.D_SalesforceLocations_key = D_SalesforceLocations.D_SalesforceLocations_key,EXTERNALLYLOADEDTABLES,L_Salesforce_WorkOrders,IssuedToProjectManager,,,241,NULL,0,N
,I_SalesforceWorkOrders,Sales force Work Orders,Stage Table,PaymentReceivedDate,Payment Received Date,DATETIME,,True,I_SalesforceWorkOrders,FROM     [TABLEOWNER].[L_Salesforce_WorkOrders] LEFT OUTER JOIN [TABLEOWNER].[D_SalesforceCaseDetails] ON L_Salesforce_WorkOrders.CaseID = D_SalesforceCaseDetails.CaseCode --joining to get the location information from the case for each work order LEFT JOIN F_SalesforceCases 	ON D_SalesforceCaseDetails.D_SalesforceCaseDetail_key = F_SalesforceCases.D_SalesforceCaseDetail_key LEFT JOIN D_SalesforceLocations 	ON F_SalesforceCases.D_SalesforceLocations_key = D_SalesforceLocations.D_SalesforceLocations_key,EXTERNALLYLOADEDTABLES,L_Salesforce_WorkOrders,PaymentReceived,,,241,NULL,0,N
,I_SalesforceWorkOrders,Sales force Work Orders,Stage Table,Phase,Phase,VARCHAR(64),,True,I_SalesforceWorkOrders,FROM     [TABLEOWNER].[L_Salesforce_WorkOrders] LEFT OUTER JOIN [TABLEOWNER].[D_SalesforceCaseDetails] ON L_Salesforce_WorkOrders.CaseID = D_SalesforceCaseDetails.CaseCode --joining to get the location information from the case for each work order LEFT JOIN F_SalesforceCases 	ON D_SalesforceCaseDetails.D_SalesforceCaseDetail_key = F_SalesforceCases.D_SalesforceCaseDetail_key LEFT JOIN D_SalesforceLocations 	ON F_SalesforceCases.D_SalesforceLocations_key = D_SalesforceLocations.D_SalesforceLocations_key,EXTERNALLYLOADEDTABLES,L_Salesforce_WorkOrders,Phase,"ISNULL(L_Salesforce_WorkOrders.Phase, 'Not Applicable')",,241,NULL,0,N
,I_SalesforceWorkOrders,Sales force Work Orders,Stage Table,PhaseColour,Phase Colour,VARCHAR(64),,True,I_SalesforceWorkOrders,FROM     [TABLEOWNER].[L_Salesforce_WorkOrders] LEFT OUTER JOIN [TABLEOWNER].[D_SalesforceCaseDetails] ON L_Salesforce_WorkOrders.CaseID = D_SalesforceCaseDetails.CaseCode --joining to get the location information from the case for each work order LEFT JOIN F_SalesforceCases 	ON D_SalesforceCaseDetails.D_SalesforceCaseDetail_key = F_SalesforceCases.D_SalesforceCaseDetail_key LEFT JOIN D_SalesforceLocations 	ON F_SalesforceCases.D_SalesforceLocations_key = D_SalesforceLocations.D_SalesforceLocations_key,EXTERNALLYLOADEDTABLES,L_Salesforce_WorkOrders,PhaseColour,"ISNULL(L_Salesforce_WorkOrders.PhaseColour, 'Not Applicable')",,241,NULL,0,N
,I_SalesforceWorkOrders,Sales force Work Orders,Stage Table,QuoteExpiredDate,Quote Expired Date,DATETIME,,True,I_SalesforceWorkOrders,FROM     [TABLEOWNER].[L_Salesforce_WorkOrders] LEFT OUTER JOIN [TABLEOWNER].[D_SalesforceCaseDetails] ON L_Salesforce_WorkOrders.CaseID = D_SalesforceCaseDetails.CaseCode --joining to get the location information from the case for each work order LEFT JOIN F_SalesforceCases 	ON D_SalesforceCaseDetails.D_SalesforceCaseDetail_key = F_SalesforceCases.D_SalesforceCaseDetail_key LEFT JOIN D_SalesforceLocations 	ON F_SalesforceCases.D_SalesforceLocations_key = D_SalesforceLocations.D_SalesforceLocations_key,EXTERNALLYLOADEDTABLES,L_Salesforce_WorkOrders,QuoteExpired,,,241,NULL,0,N
,I_SalesforceWorkOrders,Sales force Work Orders,Stage Table,QuoteRequestedDate,Quote Requested Date,DATETIME,,True,I_SalesforceWorkOrders,FROM     [TABLEOWNER].[L_Salesforce_WorkOrders] LEFT OUTER JOIN [TABLEOWNER].[D_SalesforceCaseDetails] ON L_Salesforce_WorkOrders.CaseID = D_SalesforceCaseDetails.CaseCode --joining to get the location information from the case for each work order LEFT JOIN F_SalesforceCases 	ON D_SalesforceCaseDetails.D_SalesforceCaseDetail_key = F_SalesforceCases.D_SalesforceCaseDetail_key LEFT JOIN D_SalesforceLocations 	ON F_SalesforceCases.D_SalesforceLocations_key = D_SalesforceLocations.D_SalesforceLocations_key,EXTERNALLYLOADEDTABLES,L_Salesforce_WorkOrders,QuoteRequested,,,241,NULL,0,N
,I_SalesforceWorkOrders,Sales force Work Orders,Stage Table,QuoteSentDate,Quote Sent Date,DATETIME,,True,I_SalesforceWorkOrders,FROM     [TABLEOWNER].[L_Salesforce_WorkOrders] LEFT OUTER JOIN [TABLEOWNER].[D_SalesforceCaseDetails] ON L_Salesforce_WorkOrders.CaseID = D_SalesforceCaseDetails.CaseCode --joining to get the location information from the case for each work order LEFT JOIN F_SalesforceCases 	ON D_SalesforceCaseDetails.D_SalesforceCaseDetail_key = F_SalesforceCases.D_SalesforceCaseDetail_key LEFT JOIN D_SalesforceLocations 	ON F_SalesforceCases.D_SalesforceLocations_key = D_SalesforceLocations.D_SalesforceLocations_key,EXTERNALLYLOADEDTABLES,L_Salesforce_WorkOrders,QuoteSent,,,241,NULL,0,N
,I_SalesforceWorkOrders,Sales force Work Orders,Stage Table,RetailerAcceptanceDate,Retailer Acceptance Date,DATETIME,,True,I_SalesforceWorkOrders,FROM     [TABLEOWNER].[L_Salesforce_WorkOrders] LEFT OUTER JOIN [TABLEOWNER].[D_SalesforceCaseDetails] ON L_Salesforce_WorkOrders.CaseID = D_SalesforceCaseDetails.CaseCode --joining to get the location information from the case for each work order LEFT JOIN F_SalesforceCases 	ON D_SalesforceCaseDetails.D_SalesforceCaseDetail_key = F_SalesforceCases.D_SalesforceCaseDetail_key LEFT JOIN D_SalesforceLocations 	ON F_SalesforceCases.D_SalesforceLocations_key = D_SalesforceLocations.D_SalesforceLocations_key,EXTERNALLYLOADEDTABLES,L_Salesforce_WorkOrders,RetailerAcceptance,,,241,NULL,0,N
,I_SalesforceWorkOrders,Sales force Work Orders,Stage Table,RetailerAuthorityDate,Retailer Authority Date,DATETIME,,True,I_SalesforceWorkOrders,FROM     [TABLEOWNER].[L_Salesforce_WorkOrders] LEFT OUTER JOIN [TABLEOWNER].[D_SalesforceCaseDetails] ON L_Salesforce_WorkOrders.CaseID = D_SalesforceCaseDetails.CaseCode --joining to get the location information from the case for each work order LEFT JOIN F_SalesforceCases 	ON D_SalesforceCaseDetails.D_SalesforceCaseDetail_key = F_SalesforceCases.D_SalesforceCaseDetail_key LEFT JOIN D_SalesforceLocations 	ON F_SalesforceCases.D_SalesforceLocations_key = D_SalesforceLocations.D_SalesforceLocations_key,EXTERNALLYLOADEDTABLES,L_Salesforce_WorkOrders,RetailerAuthority,,,241,NULL,0,N
,I_SalesforceWorkOrders,Sales force Work Orders,Stage Table,ServiceMain,Service Main,VARCHAR(64),,True,I_SalesforceWorkOrders,FROM     [TABLEOWNER].[L_Salesforce_WorkOrders] LEFT OUTER JOIN [TABLEOWNER].[D_SalesforceCaseDetails] ON L_Salesforce_WorkOrders.CaseID = D_SalesforceCaseDetails.CaseCode --joining to get the location information from the case for each work order LEFT JOIN F_SalesforceCases 	ON D_SalesforceCaseDetails.D_SalesforceCaseDetail_key = F_SalesforceCases.D_SalesforceCaseDetail_key LEFT JOIN D_SalesforceLocations 	ON F_SalesforceCases.D_SalesforceLocations_key = D_SalesforceLocations.D_SalesforceLocations_key,EXTERNALLYLOADEDTABLES,L_Salesforce_WorkOrders,ServiceMain,"ISNULL(L_Salesforce_WorkOrders.ServiceMain, 'Not Applicable')",,241,NULL,0,N
,I_SalesforceWorkOrders,Sales force Work Orders,Stage Table,IsClosed,Is Closed,VARCHAR(64),,True,I_SalesforceWorkOrders,FROM     [TABLEOWNER].[L_Salesforce_WorkOrders] LEFT OUTER JOIN [TABLEOWNER].[D_SalesforceCaseDetails] ON L_Salesforce_WorkOrders.CaseID = D_SalesforceCaseDetails.CaseCode --joining to get the location information from the case for each work order LEFT JOIN F_SalesforceCases 	ON D_SalesforceCaseDetails.D_SalesforceCaseDetail_key = F_SalesforceCases.D_SalesforceCaseDetail_key LEFT JOIN D_SalesforceLocations 	ON F_SalesforceCases.D_SalesforceLocations_key = D_SalesforceLocations.D_SalesforceLocations_key,EXTERNALLYLOADEDTABLES,L_Salesforce_WorkOrders,IsClosed,,,241,NULL,0,N
,I_SalesforceWorkOrders,Sales force Work Orders,Stage Table,Deleted,Deleted,VARCHAR(64),,True,I_SalesforceWorkOrders,FROM     [TABLEOWNER].[L_Salesforce_WorkOrders] LEFT OUTER JOIN [TABLEOWNER].[D_SalesforceCaseDetails] ON L_Salesforce_WorkOrders.CaseID = D_SalesforceCaseDetails.CaseCode --joining to get the location information from the case for each work order LEFT JOIN F_SalesforceCases 	ON D_SalesforceCaseDetails.D_SalesforceCaseDetail_key = F_SalesforceCases.D_SalesforceCaseDetail_key LEFT JOIN D_SalesforceLocations 	ON F_SalesforceCases.D_SalesforceLocations_key = D_SalesforceLocations.D_SalesforceLocations_key,EXTERNALLYLOADEDTABLES,L_Salesforce_WorkOrders,Deleted,,,241,NULL,0,N
,I_SalesforceWorkOrders,Sales force Work Orders,Stage Table,ControlledLoadRequired,Controlled Load Required,VARCHAR(64),,True,I_SalesforceWorkOrders,FROM     [TABLEOWNER].[L_Salesforce_WorkOrders] LEFT OUTER JOIN [TABLEOWNER].[D_SalesforceCaseDetails] ON L_Salesforce_WorkOrders.CaseID = D_SalesforceCaseDetails.CaseCode --joining to get the location information from the case for each work order LEFT JOIN F_SalesforceCases 	ON D_SalesforceCaseDetails.D_SalesforceCaseDetail_key = F_SalesforceCases.D_SalesforceCaseDetail_key LEFT JOIN D_SalesforceLocations 	ON F_SalesforceCases.D_SalesforceLocations_key = D_SalesforceLocations.D_SalesforceLocations_key,EXTERNALLYLOADEDTABLES,L_Salesforce_WorkOrders,ControlledLoadRequired,"ISNULL(L_Salesforce_WorkOrders.ControlledLoadRequired, 'Not Applicable')",,241,NULL,0,N
,I_SalesforceWorkOrders,Sales force Work Orders,Stage Table,CapacityCharge,Capacity Charge,"DECIMAL(15,2)",,True,I_SalesforceWorkOrders,FROM     [TABLEOWNER].[L_Salesforce_WorkOrders] LEFT OUTER JOIN [TABLEOWNER].[D_SalesforceCaseDetails] ON L_Salesforce_WorkOrders.CaseID = D_SalesforceCaseDetails.CaseCode --joining to get the location information from the case for each work order LEFT JOIN F_SalesforceCases 	ON D_SalesforceCaseDetails.D_SalesforceCaseDetail_key = F_SalesforceCases.D_SalesforceCaseDetail_key LEFT JOIN D_SalesforceLocations 	ON F_SalesforceCases.D_SalesforceLocations_key = D_SalesforceLocations.D_SalesforceLocations_key,EXTERNALLYLOADEDTABLES,L_Salesforce_WorkOrders,CapacityCharge,"CASE 		WHEN ISNUMERIC(L_Salesforce_WorkOrders.CapacityCharge) = 1 THEN ISNULL(CONVERT(DECIMAL(15, 2), REPLACE(L_Salesforce_WorkOrders.CapacityCharge, ',', '')), 0)  ELSE 0 END",,241,NULL,0,N
,I_SalesforceWorkOrders,Sales force Work Orders,Stage Table,CaseNumber,Case Number,INTEGER,,True,I_SalesforceWorkOrders,FROM     [TABLEOWNER].[L_Salesforce_WorkOrders] LEFT OUTER JOIN [TABLEOWNER].[D_SalesforceCaseDetails] ON L_Salesforce_WorkOrders.CaseID = D_SalesforceCaseDetails.CaseCode --joining to get the location information from the case for each work order LEFT JOIN F_SalesforceCases 	ON D_SalesforceCaseDetails.D_SalesforceCaseDetail_key = F_SalesforceCases.D_SalesforceCaseDetail_key LEFT JOIN D_SalesforceLocations 	ON F_SalesforceCases.D_SalesforceLocations_key = D_SalesforceLocations.D_SalesforceLocations_key,,D_SalesforceCaseDetails,CaseNumber,"ISNULL(D_SalesforceCaseDetails.CaseNumber,0)",,241,NULL,0,N
,I_SalesforceWorkOrders,Sales force Work Orders,Stage Table,CasesCount,Cases Count,INTEGER,,True,I_SalesforceWorkOrders,FROM     [TABLEOWNER].[L_Salesforce_WorkOrders] LEFT OUTER JOIN [TABLEOWNER].[D_SalesforceCaseDetails] ON L_Salesforce_WorkOrders.CaseID = D_SalesforceCaseDetails.CaseCode --joining to get the location information from the case for each work order LEFT JOIN F_SalesforceCases 	ON D_SalesforceCaseDetails.D_SalesforceCaseDetail_key = F_SalesforceCases.D_SalesforceCaseDetail_key LEFT JOIN D_SalesforceLocations 	ON F_SalesforceCases.D_SalesforceLocations_key = D_SalesforceLocations.D_SalesforceLocations_key,,F_SalesforceCases,CasesCount,,,241,NULL,0,N
,I_SalesforceWorkOrders,Sales force Work Orders,Stage Table,CaseLocationCode,Location Code,VARCHAR(64),,True,I_SalesforceWorkOrders,FROM     [TABLEOWNER].[L_Salesforce_WorkOrders] LEFT OUTER JOIN [TABLEOWNER].[D_SalesforceCaseDetails] ON L_Salesforce_WorkOrders.CaseID = D_SalesforceCaseDetails.CaseCode --joining to get the location information from the case for each work order LEFT JOIN F_SalesforceCases 	ON D_SalesforceCaseDetails.D_SalesforceCaseDetail_key = F_SalesforceCases.D_SalesforceCaseDetail_key LEFT JOIN D_SalesforceLocations 	ON F_SalesforceCases.D_SalesforceLocations_key = D_SalesforceLocations.D_SalesforceLocations_key,,D_SalesforceLocations,LocationCode,,,241,NULL,0,N
,I_SalesforceWorkOrders,Sales force Work Orders,Stage Table,ContractingTotalPrice,Contracting Total Price,"DECIMAL(15,2)",,True,I_SalesforceWorkOrders,FROM     [TABLEOWNER].[L_Salesforce_WorkOrders] LEFT OUTER JOIN [TABLEOWNER].[D_SalesforceCaseDetails] ON L_Salesforce_WorkOrders.CaseID = D_SalesforceCaseDetails.CaseCode --joining to get the location information from the case for each work order LEFT JOIN F_SalesforceCases 	ON D_SalesforceCaseDetails.D_SalesforceCaseDetail_key = F_SalesforceCases.D_SalesforceCaseDetail_key LEFT JOIN D_SalesforceLocations 	ON F_SalesforceCases.D_SalesforceLocations_key = D_SalesforceLocations.D_SalesforceLocations_key,EXTERNALLYLOADEDTABLES,L_Salesforce_WorkOrders,ContractingTotalPrice,"CASE 		WHEN ISNUMERIC(L_Salesforce_WorkOrders.ContractingTotalPrice) = 1 THEN ISNULL(CONVERT(DECIMAL(15, 2), REPLACE(L_Salesforce_WorkOrders.ContractingTotalPrice, ',', '')), 0)  ELSE 0 END",,241,NULL,0,N
,I_SalesforceWorkOrders,Sales force Work Orders,Stage Table,ODSCreateDate,Date and time the row was created in the data warehouse.,DATETIME,,True,I_SalesforceWorkOrders,FROM     [TABLEOWNER].[L_Salesforce_WorkOrders] LEFT OUTER JOIN [TABLEOWNER].[D_SalesforceCaseDetails] ON L_Salesforce_WorkOrders.CaseID = D_SalesforceCaseDetails.CaseCode --joining to get the location information from the case for each work order LEFT JOIN F_SalesforceCases 	ON D_SalesforceCaseDetails.D_SalesforceCaseDetail_key = F_SalesforceCases.D_SalesforceCaseDetail_key LEFT JOIN D_SalesforceLocations 	ON F_SalesforceCases.D_SalesforceLocations_key = D_SalesforceLocations.D_SalesforceLocations_key,,,ODSCreateDate,,,241,NULL,0,N
,I_SalesforceWorkOrders,Sales force Work Orders,Stage Table,ODSUpdateDate,Date and time the row was updated in the data warehouse.,DATETIME,,True,I_SalesforceWorkOrders,FROM     [TABLEOWNER].[L_Salesforce_WorkOrders] LEFT OUTER JOIN [TABLEOWNER].[D_SalesforceCaseDetails] ON L_Salesforce_WorkOrders.CaseID = D_SalesforceCaseDetails.CaseCode --joining to get the location information from the case for each work order LEFT JOIN F_SalesforceCases 	ON D_SalesforceCaseDetails.D_SalesforceCaseDetail_key = F_SalesforceCases.D_SalesforceCaseDetail_key LEFT JOIN D_SalesforceLocations 	ON F_SalesforceCases.D_SalesforceLocations_key = D_SalesforceLocations.D_SalesforceLocations_key,,,ODSUpdateDate,,,241,NULL,0,N
,S_SalesforceCases,Salesforce Cases,Stage Table,D_SalesforceCaseDetail_key,S_SalesforceCases.CaseCode=D_SalesforceCaseDetails.CaseCode,INTEGER,,False,S_SalesforceCases,FROM     [TABLEOWNER].[I_SalesforceCases] WHERE LatestRecordNumber = 1,,D_SalesforceCaseDetails,D_SalesforceCaseDetail_key,,,242,NULL,0,N
,S_SalesforceCases,Salesforce Cases,Stage Table,CaseCode,Case Code,VARCHAR(64),,False,S_SalesforceCases,FROM     [TABLEOWNER].[I_SalesforceCases] WHERE LatestRecordNumber = 1,,I_SalesforceCases,CaseCode,,,242,NULL,0,N
,S_SalesforceCases,Salesforce Cases,Stage Table,CaseNumber,Case Number,VARCHAR(100),,False,S_SalesforceCases,FROM     [TABLEOWNER].[I_SalesforceCases] WHERE LatestRecordNumber = 1,,I_SalesforceCases,CaseNumber,,,242,NULL,0,N
,S_SalesforceCases,Salesforce Cases,Stage Table,D_SalesforceLocations_key,S_SalesforceCases.LocationCode=D_SalesforceLocations.LocationCode,INTEGER,,False,S_SalesforceCases,FROM     [TABLEOWNER].[I_SalesforceCases] WHERE LatestRecordNumber = 1,,D_SalesforceLocations,D_SalesforceLocations_key,,,242,NULL,0,N
,S_SalesforceCases,Salesforce Cases,Stage Table,LocationCode,Location Code,VARCHAR(64),,True,S_SalesforceCases,FROM     [TABLEOWNER].[I_SalesforceCases] WHERE LatestRecordNumber = 1,,I_SalesforceCases,LocationCode,,,242,NULL,0,N
,S_SalesforceCases,Salesforce Cases,Stage Table,D_SalesforceRecordType_key,S_SalesforceCases.RecordTypeCode=D_SalesforceRecordTypes.RecordTypeCode,INTEGER,,False,S_SalesforceCases,FROM     [TABLEOWNER].[I_SalesforceCases] WHERE LatestRecordNumber = 1,,D_SalesforceRecordTypes,D_SalesforceRecordType_key,,,242,NULL,0,N
,S_SalesforceCases,Salesforce Cases,Stage Table,RecordTypeCode,Record Type Code,VARCHAR(64),,True,S_SalesforceCases,FROM     [TABLEOWNER].[I_SalesforceCases] WHERE LatestRecordNumber = 1,,I_SalesforceCases,RecordTypeCode,,,242,NULL,0,N
,S_SalesforceCases,Salesforce Cases,Stage Table,ConnectionCode,Connection Code,VARCHAR(64),,True,S_SalesforceCases,FROM     [TABLEOWNER].[I_SalesforceCases] WHERE LatestRecordNumber = 1,,I_SalesforceCases,ConnectionCode,,,242,NULL,0,N
,S_SalesforceCases,Salesforce Cases,Stage Table,D_Date_key,S_SalesforceCases.CreatedDate=D_Date.CalendarDate,INTEGER,,False,S_SalesforceCases,FROM     [TABLEOWNER].[I_SalesforceCases] WHERE LatestRecordNumber = 1,,D_Date,D_Date_key,,,242,NULL,0,N
,S_SalesforceCases,Salesforce Cases,Stage Table,CreatedDate,Created Date,DATE,,True,S_SalesforceCases,FROM     [TABLEOWNER].[I_SalesforceCases] WHERE LatestRecordNumber = 1,,I_SalesforceCases,CreatedDate,,,242,NULL,0,N
,S_SalesforceCases,Salesforce Cases,Stage Table,ICPorFSL,ICP or FSL,BIGINT,,True,S_SalesforceCases,FROM     [TABLEOWNER].[I_SalesforceCases] WHERE LatestRecordNumber = 1,,D_SalesforceLocations,ICPorFSL,"CASE 		WHEN ICPorFSL = 'unknown' THEN 0 		WHEN LEFT(ICPorFSL, 3) = '000' AND 			ISNUMERIC(RIGHT(LEFT(D_SalesforceLocations.ICPorFSL, 10), 6)) = 1 THEN RIGHT(LEFT(D_SalesforceLocations.ICPorFSL, 10), 6) 		ELSE 0 	END",,242,NULL,0,N
,S_SalesforceCases,Salesforce Cases,Stage Table,D_ICP_key,S_SalesforceCases.ICPorFSL=D_ICP.Install,INTEGER,,False,S_SalesforceCases,FROM     [TABLEOWNER].[I_SalesforceCases] WHERE LatestRecordNumber = 1,,D_ICP,D_ICP_key,,,242,NULL,0,N
,S_SalesforceCases,Salesforce Cases,Stage Table,GenerationType,Generation Type,VARCHAR(64),,True,S_SalesforceCases,FROM     [TABLEOWNER].[I_SalesforceCases] WHERE LatestRecordNumber = 1,,I_SalesforceCases,GenerationType,,,242,NULL,0,N
,S_SalesforceCases,Salesforce Cases,Stage Table,EnergyStorageType,Energy Storage Type,VARCHAR(64),,True,S_SalesforceCases,FROM     [TABLEOWNER].[I_SalesforceCases] WHERE LatestRecordNumber = 1,,I_SalesforceCases,EnergyStorageType,,,242,NULL,0,N
,S_SalesforceCases,Salesforce Cases,Stage Table,D_SalesforceGeneration_key,S_SalesforceCases.GenerationType=D_SalesforceGeneration.GenerationType S_SalesforceCases.EnergyStorageType=D_SalesforceGeneration.EnergyStorageType,INTEGER,,False,S_SalesforceCases,FROM     [TABLEOWNER].[I_SalesforceCases] WHERE LatestRecordNumber = 1,,D_SalesforceGeneration,D_SalesforceGeneration_key,,,242,NULL,0,N
,S_SalesforceCases,Salesforce Cases,Stage Table,D_SalesforceFeedback_key,S_SalesforceCases.FeedbackArea=D_SalesforceFeedback.FeedbackArea S_SalesforceCases.TypeOfComplaint=D_SalesforceFeedback.TypeOfComplaint,INTEGER,,False,S_SalesforceCases,FROM     [TABLEOWNER].[I_SalesforceCases] WHERE LatestRecordNumber = 1,,D_SalesforceFeedback,D_SalesforceFeedback_key,,,242,NULL,0,N
,S_SalesforceCases,Salesforce Cases,Stage Table,FeedbackArea,Feedback Area,VARCHAR(64),,True,S_SalesforceCases,FROM     [TABLEOWNER].[I_SalesforceCases] WHERE LatestRecordNumber = 1,,I_SalesforceCases,FeedbackArea,,,242,NULL,0,N
,S_SalesforceCases,Salesforce Cases,Stage Table,TypeOfComplaint,Type Of Complaint,VARCHAR(64),,True,S_SalesforceCases,FROM     [TABLEOWNER].[I_SalesforceCases] WHERE LatestRecordNumber = 1,,I_SalesforceCases,TypeOfComplaint,,,242,NULL,0,N
,S_SalesforceCases,Salesforce Cases,Stage Table,D_ClosedDate_key,S_SalesforceCases.ClosedDate=D_ClosedDate.ClosedDate,INTEGER,,False,S_SalesforceCases,FROM     [TABLEOWNER].[I_SalesforceCases] WHERE LatestRecordNumber = 1,,D_ClosedDate,D_ClosedDate_key,,,242,NULL,0,N
,S_SalesforceCases,Salesforce Cases,Stage Table,ClosedDate,Closed Date,DATETIME,,True,S_SalesforceCases,FROM     [TABLEOWNER].[I_SalesforceCases] WHERE LatestRecordNumber = 1,,I_SalesforceCases,ClosedDate,,,242,NULL,0,N
,S_SalesforceCases,Salesforce Cases,Stage Table,CasesGenerationCapacity,Cases Generation Capacity,"DECIMAL(15,2)",,True,S_SalesforceCases,FROM     [TABLEOWNER].[I_SalesforceCases] WHERE LatestRecordNumber = 1,,I_SalesforceCases,GenerationCapacity,,,242,NULL,0,N
,S_SalesforceCases,Salesforce Cases,Stage Table,CasesEnergyStorageCapacity,Cases Energy Storage Capacity,"DECIMAL(15,2)",,True,S_SalesforceCases,FROM     [TABLEOWNER].[I_SalesforceCases] WHERE LatestRecordNumber = 1,,I_SalesforceCases,EnergyStorageCapacity,,,242,NULL,0,N
,S_SalesforceCases,Salesforce Cases,Stage Table,CasesCount,Cases Count,INTEGER,,False,S_SalesforceCases,FROM     [TABLEOWNER].[I_SalesforceCases] WHERE LatestRecordNumber = 1,,,,--excluding deleted records from the total count CASE 		WHEN IsDeleted = 'True' THEN 0 		ELSE 1 	END,,242,NULL,0,N
,S_SalesforceCases,Salesforce Cases,Stage Table,CasesClosedCount,Cases Closed Count,INTEGER,,False,S_SalesforceCases,FROM     [TABLEOWNER].[I_SalesforceCases] WHERE LatestRecordNumber = 1,,,,"CASE 		WHEN isclosed = 'True' AND 			I_SalesforceCases.isDeleted = 'False' THEN 1 		ELSE 0 	END    ",,242,NULL,0,N
,S_SalesforceCases,Salesforce Cases,Stage Table,CasesOpenCount,Cases Open Count,INTEGER,,False,S_SalesforceCases,FROM     [TABLEOWNER].[I_SalesforceCases] WHERE LatestRecordNumber = 1,,,," CASE 		WHEN isclosed = 'False' AND 			I_SalesforceCases.isDeleted = 'False' THEN 1 		ELSE 0 	END     ",,242,NULL,0,N
,S_SalesforceCases,Salesforce Cases,Stage Table,CasesTotalLoad,Cases Total Load,"DECIMAL(15,2)",,True,S_SalesforceCases,FROM     [TABLEOWNER].[I_SalesforceCases] WHERE LatestRecordNumber = 1,,I_SalesforceCases,TotalLoad,,,242,NULL,0,N
,S_SalesforceCases,Salesforce Cases,Stage Table,CasesTotalLots,Cases Total Lots,"DECIMAL(15,2)",,True,S_SalesforceCases,FROM     [TABLEOWNER].[I_SalesforceCases] WHERE LatestRecordNumber = 1,,I_SalesforceCases,TotalLots,--need to count as one when record type is  subdivision case CASE 		WHEN TotalLots = 0 AND 			RecordType = 'Subdivision Application' THEN 1 		ELSE TotalLots 	END,,242,NULL,0,N
,S_SalesforceCases,Salesforce Cases,Stage Table,CasesCapacityChargeLoad,Cases Capacity Charge Load,"DECIMAL(15,2)",,True,S_SalesforceCases,FROM     [TABLEOWNER].[I_SalesforceCases] WHERE LatestRecordNumber = 1,,I_SalesforceCases,CapacityChargeLoad,,,242,NULL,0,N
,S_SalesforceCases,Salesforce Cases,Stage Table,CasesCapacityChargeLots,Cases Capacity Charge Lots,"DECIMAL(15,2)",,True,S_SalesforceCases,FROM     [TABLEOWNER].[I_SalesforceCases] WHERE LatestRecordNumber = 1,,I_SalesforceCases,CapacityChargeLots,,,242,NULL,0,N
,S_SalesforceCases,Salesforce Cases,Stage Table,ODSCreateDate,Date and time the row was created in the data warehouse.,DATETIME,,True,S_SalesforceCases,FROM     [TABLEOWNER].[I_SalesforceCases] WHERE LatestRecordNumber = 1,,,ODSCreateDate,,,242,NULL,0,N
,S_SalesforceCases,Salesforce Cases,Stage Table,ODSUpdateDate,Date and time the row was updated in the data warehouse.,DATETIME,,True,S_SalesforceCases,FROM     [TABLEOWNER].[I_SalesforceCases] WHERE LatestRecordNumber = 1,,,ODSUpdateDate,,,242,NULL,0,N
,S_SalesforceCasesUnsafeServiceLine,"Salesforce cases association with feedback area, as can have multi select value",Stage Table,D_SalesforceCaseDetail_key,,INT,,False,S_SalesforceCasesUnsafeServiceLine,FROM [TABLEOWNER].[D_SalesforceCaseDetails],,D_SalesforceCaseDetails,D_SalesforceCaseDetail_key,,,243,NULL,0,N
,S_SalesforceCasesUnsafeServiceLine,"Salesforce cases association with feedback area, as can have multi select value",Stage Table,CaseCode,Case Code,VARCHAR(64),A,False,S_SalesforceCasesUnsafeServiceLine,FROM [TABLEOWNER].[D_SalesforceCaseDetails],,D_SalesforceCaseDetails,CaseCode,,,243,NULL,0,N
,S_SalesforceCasesUnsafeServiceLine,"Salesforce cases association with feedback area, as can have multi select value",Stage Table,D_SalesforceUnsafeServ_key,S_SalesforceCasesUnsafeServiceLine.Value=D_SalesforceUnsafeServiceLine.UnsafeServiceLineType,INTEGER,,False,S_SalesforceCasesUnsafeServiceLine,FROM [TABLEOWNER].[D_SalesforceCaseDetails],,D_SalesforceUnsafeServiceLine,D_SalesforceUnsafeServ_key,,,243,NULL,0,N
,S_SalesforceCasesUnsafeServiceLine,"Salesforce cases association with feedback area, as can have multi select value",Stage Table,UnsafeServiceLineType,Unsafe Service Line Type,VARCHAR(64),,True,S_SalesforceCasesUnsafeServiceLine,FROM [TABLEOWNER].[D_SalesforceCaseDetails],,D_SalesforceCaseDetails,,Value,,243,NULL,0,N
,S_SalesforceCasesUnsafeServiceLine,"Salesforce cases association with feedback area, as can have multi select value",Stage Table,ODSCreateDate,Date and time the row was created in the data warehouse.,DATETIME,,True,S_SalesforceCasesUnsafeServiceLine,FROM [TABLEOWNER].[D_SalesforceCaseDetails],,,ODSCreateDate,,,243,NULL,0,N
,S_SalesforceCasesUnsafeServiceLine,"Salesforce cases association with feedback area, as can have multi select value",Stage Table,ODSUpdateDate,Date and time the row was updated in the data warehouse.,DATETIME,,True,S_SalesforceCasesUnsafeServiceLine,FROM [TABLEOWNER].[D_SalesforceCaseDetails],,,ODSUpdateDate,,,243,NULL,0,N
,S_SalesforceWorkOrders,Salesforce Work Orders,Stage Table,WorkOrderCode,Work Order Code,VARCHAR(64),,True,S_SalesforceWorkOrders,FROM     [TABLEOWNER].[I_SalesforceWorkOrders] WHERE LatestRecordNumber = 1,,I_SalesforceWorkOrders,WorkOrderCode,,,244,NULL,0,N
,S_SalesforceWorkOrders,Salesforce Work Orders,Stage Table,D_SalesforceWorkOrderD_key,S_SalesforceWorkOrders.WorkOrderCode=D_SalesforceWorkOrderDetails.WorkOrderCode,INTEGER,,False,S_SalesforceWorkOrders,FROM     [TABLEOWNER].[I_SalesforceWorkOrders] WHERE LatestRecordNumber = 1,,D_SalesforceWorkOrderDetails,D_SalesforceWorkOrderD_key,,,244,NULL,0,N
,S_SalesforceWorkOrders,Salesforce Work Orders,Stage Table,WorkOrderNumber,Work Order Number,INTEGER,,True,S_SalesforceWorkOrders,FROM     [TABLEOWNER].[I_SalesforceWorkOrders] WHERE LatestRecordNumber = 1,,I_SalesforceWorkOrders,WorkOrderNumber,,,244,NULL,0,N
,S_SalesforceWorkOrders,Salesforce Work Orders,Stage Table,D_SalesforceRecordType_key,S_SalesforceWorkOrders.RecordTypeCode=D_SalesforceRecordTypes.RecordTypeCode,INTEGER,,False,S_SalesforceWorkOrders,FROM     [TABLEOWNER].[I_SalesforceWorkOrders] WHERE LatestRecordNumber = 1,,D_SalesforceRecordTypes,D_SalesforceRecordType_key,,,244,NULL,0,N
,S_SalesforceWorkOrders,Salesforce Work Orders,Stage Table,RecordTypeCode,Record Type Code,VARCHAR(64),,True,S_SalesforceWorkOrders,FROM     [TABLEOWNER].[I_SalesforceWorkOrders] WHERE LatestRecordNumber = 1,,I_SalesforceWorkOrders,RecordTypeCode,,,244,NULL,0,N
,S_SalesforceWorkOrders,Salesforce Work Orders,Stage Table,D_Date_key,S_SalesforceWorkOrders.CreatedDate=D_Date.CalendarDate,INTEGER,,False,S_SalesforceWorkOrders,FROM     [TABLEOWNER].[I_SalesforceWorkOrders] WHERE LatestRecordNumber = 1,,D_Date,D_Date_key,,,244,NULL,0,N
,S_SalesforceWorkOrders,Salesforce Work Orders,Stage Table,CreatedDate,Created Date,DATE,,True,S_SalesforceWorkOrders,FROM     [TABLEOWNER].[I_SalesforceWorkOrders] WHERE LatestRecordNumber = 1,,I_SalesforceWorkOrders,CreatedDate,,,244,NULL,0,N
,S_SalesforceWorkOrders,Salesforce Work Orders,Stage Table,D_SalesforceCaseDetail_key,S_SalesforceWorkOrders.CaseCode=D_SalesforceCaseDetails.CaseCode,INTEGER,,False,S_SalesforceWorkOrders,FROM     [TABLEOWNER].[I_SalesforceWorkOrders] WHERE LatestRecordNumber = 1,,D_SalesforceCaseDetails,D_SalesforceCaseDetail_key,,,244,NULL,0,N
,S_SalesforceWorkOrders,Salesforce Work Orders,Stage Table,CaseCode,Case Code,VARCHAR(64),,True,S_SalesforceWorkOrders,FROM     [TABLEOWNER].[I_SalesforceWorkOrders] WHERE LatestRecordNumber = 1,,I_SalesforceWorkOrders,CaseCode,,,244,NULL,0,N
,S_SalesforceWorkOrders,Salesforce Work Orders,Stage Table,D_SalesforceLocations_key,S_SalesforceWorkOrders.CaseLocationCode=D_SalesforceLocations.LocationCode,INTEGER,,False,S_SalesforceWorkOrders,FROM     [TABLEOWNER].[I_SalesforceWorkOrders] WHERE LatestRecordNumber = 1,,D_SalesforceLocations,D_SalesforceLocations_key,,,244,NULL,0,N
,S_SalesforceWorkOrders,Salesforce Work Orders,Stage Table,CaseLocationCode,Location Code,VARCHAR(64),,True,S_SalesforceWorkOrders,FROM     [TABLEOWNER].[I_SalesforceWorkOrders] WHERE LatestRecordNumber = 1,,I_SalesforceWorkOrders,CaseLocationCode,,,244,NULL,0,N
,S_SalesforceWorkOrders,Salesforce Work Orders,Stage Table,ConnectionCode,Connection Code,VARCHAR(64),,True,S_SalesforceWorkOrders,FROM     [TABLEOWNER].[I_SalesforceWorkOrders] WHERE LatestRecordNumber = 1,,I_SalesforceWorkOrders,ConnectionCode,,,244,NULL,0,N
,S_SalesforceWorkOrders,Salesforce Work Orders,Stage Table,ICPorFSL,ICP or FSL,VARCHAR(64),,True,S_SalesforceWorkOrders,FROM     [TABLEOWNER].[I_SalesforceWorkOrders] WHERE LatestRecordNumber = 1,,D_SalesforceLocations,ICPorFSL,"CASE 		WHEN ICPorFSL = 'unknown' THEN 0 		WHEN LEFT(ICPorFSL, 3) = '000' AND 			ISNUMERIC(RIGHT(LEFT(D_SalesforceLocations.ICPorFSL, 10), 6)) = 1 THEN RIGHT(LEFT(D_SalesforceLocations.ICPorFSL, 10), 6) 		ELSE 0 	END",,244,NULL,0,N
,S_SalesforceWorkOrders,Salesforce Work Orders,Stage Table,D_ICP_key,S_SalesforceWorkOrders.ICPorFSL=D_ICP.Install,INTEGER,,False,S_SalesforceWorkOrders,FROM     [TABLEOWNER].[I_SalesforceWorkOrders] WHERE LatestRecordNumber = 1,,D_ICP,D_ICP_key,,,244,NULL,0,N
,S_SalesforceWorkOrders,Salesforce Work Orders,Stage Table,D_SalesforceGeneration_key,S_SalesforceWorkOrders.GenerationType=D_SalesforceGeneration.GenerationType S_SalesforceWorkOrders.EnergyStorageType=D_SalesforceGeneration.EnergyStorageType,INTEGER,,False,S_SalesforceWorkOrders,FROM     [TABLEOWNER].[I_SalesforceWorkOrders] WHERE LatestRecordNumber = 1,,D_SalesforceGeneration,D_SalesforceGeneration_key,,,244,NULL,0,N
,S_SalesforceWorkOrders,Salesforce Work Orders,Stage Table,GenerationType,Generation Type,VARCHAR(64),,True,S_SalesforceWorkOrders,FROM     [TABLEOWNER].[I_SalesforceWorkOrders] WHERE LatestRecordNumber = 1,,I_SalesforceWorkOrders,GenerationType,,,244,NULL,0,N
,S_SalesforceWorkOrders,Salesforce Work Orders,Stage Table,EnergyStorageType,Energy Storage Type,VARCHAR(64),,True,S_SalesforceWorkOrders,FROM     [TABLEOWNER].[I_SalesforceWorkOrders] WHERE LatestRecordNumber = 1,,I_SalesforceWorkOrders,EnergyStorageType,,,244,NULL,0,N
,S_SalesforceWorkOrders,Salesforce Work Orders,Stage Table,WorkOrdersGenerationCapacity,Work Orders Generation Capacity,"DECIMAL(15,2)",,True,S_SalesforceWorkOrders,FROM     [TABLEOWNER].[I_SalesforceWorkOrders] WHERE LatestRecordNumber = 1,,I_SalesforceWorkOrders,GenerationCapacity,,,244,NULL,0,N
,S_SalesforceWorkOrders,Salesforce Work Orders,Stage Table,WorkOrdersEnergyStorageCapacity,Work Orders Energy Storage Capacity,"DECIMAL(15,2)",,True,S_SalesforceWorkOrders,FROM     [TABLEOWNER].[I_SalesforceWorkOrders] WHERE LatestRecordNumber = 1,,I_SalesforceWorkOrders,EnergyStorageCapacity,,,244,NULL,0,N
,S_SalesforceWorkOrders,Salesforce Work Orders,Stage Table,WorkOrdersCount,Work Orders Count,INTEGER,,True,S_SalesforceWorkOrders,FROM     [TABLEOWNER].[I_SalesforceWorkOrders] WHERE LatestRecordNumber = 1,,,,--exclude deleted records CASE 		WHEN I_SalesforceWorkOrders.Deleted = 'True' THEN 0 		ELSE 1 	END,,244,NULL,0,N
,S_SalesforceWorkOrders,Salesforce Work Orders,Stage Table,WorkOrdersClosedCount,Work Orders Closed Count,INTEGER,,True,S_SalesforceWorkOrders,FROM     [TABLEOWNER].[I_SalesforceWorkOrders] WHERE LatestRecordNumber = 1,,,,CASE 		WHEN isclosed = 'True' AND 			I_SalesforceWorkOrders.Deleted = 'False' THEN 1 		ELSE 0 	END,,244,NULL,0,N
,S_SalesforceWorkOrders,Salesforce Work Orders,Stage Table,WorkOrdersOpenCount,Work Orders Open Count,INTEGER,,True,S_SalesforceWorkOrders,FROM     [TABLEOWNER].[I_SalesforceWorkOrders] WHERE LatestRecordNumber = 1,,,,CASE 		WHEN isclosed = 'False' AND 			I_SalesforceWorkOrders.Deleted = 'False' THEN 1 		ELSE 0 	END,,244,NULL,0,N
,S_SalesforceWorkOrders,Salesforce Work Orders,Stage Table,WorkOrdersCapacityCharge,Work Orders Capacity Charge,"DECIMAL(15,2)",,True,S_SalesforceWorkOrders,FROM     [TABLEOWNER].[I_SalesforceWorkOrders] WHERE LatestRecordNumber = 1,,I_SalesforceWorkOrders,CapacityCharge,,,244,NULL,0,N
,S_SalesforceWorkOrders,Salesforce Work Orders,Stage Table,WorkOrdersContractingTotalPrice,Work Orders Contracting Total Price,"DECIMAL(15,2)",,True,S_SalesforceWorkOrders,FROM     [TABLEOWNER].[I_SalesforceWorkOrders] WHERE LatestRecordNumber = 1,,I_SalesforceWorkOrders,ContractingTotalPrice,,,244,NULL,0,N
,S_SalesforceWorkOrders,Salesforce Work Orders,Stage Table,WorkType,Work Type,VARCHAR(64),,True,S_SalesforceWorkOrders,FROM     [TABLEOWNER].[I_SalesforceWorkOrders] WHERE LatestRecordNumber = 1,,I_SalesforceWorkOrders,WorkType,,,244,NULL,0,N
,S_SalesforceWorkOrders,Salesforce Work Orders,Stage Table,ODSCreateDate,Date and time the row was created in the data warehouse.,DATETIME,,True,S_SalesforceWorkOrders,FROM     [TABLEOWNER].[I_SalesforceWorkOrders] WHERE LatestRecordNumber = 1,,,ODSCreateDate,,,244,NULL,0,N
,S_SalesforceWorkOrders,Salesforce Work Orders,Stage Table,ODSUpdateDate,Date and time the row was updated in the data warehouse.,DATETIME,,True,S_SalesforceWorkOrders,FROM     [TABLEOWNER].[I_SalesforceWorkOrders] WHERE LatestRecordNumber = 1,,,ODSUpdateDate,,,244,NULL,0,N
,D_SalesforceCaseDetails,Salesforce Case/Application Details,Dimension,D_SalesforceCaseDetail_key,Generated artificial key,"INTEGER IDENTITY(1,1)",0,False,D_SalesforceCaseDetails,FROM [TABLEOWNER].[I_SalesforceCases] I_SalesforceCasesWhere LatestRecordNumber = 1,,,D_SalesforceCaseDetail_key,,,224,NULL,0,N
,D_SalesforceCaseDetails,Salesforce Case/Application Details,Dimension,CaseCode,Case Code,VARCHAR(64),A,False,D_SalesforceCaseDetails,FROM [TABLEOWNER].[I_SalesforceCases] I_SalesforceCasesWhere LatestRecordNumber = 1,,I_SalesforceCases,CaseCode,,,224,NULL,0,N
,D_SalesforceCaseDetails,Salesforce Case/Application Details,Dimension,CaseNumber,Case Number,INTEGER,,False,D_SalesforceCaseDetails,FROM [TABLEOWNER].[I_SalesforceCases] I_SalesforceCasesWhere LatestRecordNumber = 1,,I_SalesforceCases,CaseNumber,,,224,NULL,0,N
,D_SalesforceCaseDetails,Salesforce Case/Application Details,Dimension,Subject,Subject,VARCHAR(256),,True,D_SalesforceCaseDetails,FROM [TABLEOWNER].[I_SalesforceCases] I_SalesforceCasesWhere LatestRecordNumber = 1,,I_SalesforceCases,Subject,,,224,NULL,0,N
,D_SalesforceCaseDetails,Salesforce Case/Application Details,Dimension,Status,Status,VARCHAR(64),,True,D_SalesforceCaseDetails,FROM [TABLEOWNER].[I_SalesforceCases] I_SalesforceCasesWhere LatestRecordNumber = 1,,I_SalesforceCases,Status,,,224,NULL,0,N
,D_SalesforceCaseDetails,Salesforce Case/Application Details,Dimension,Type,Type,VARCHAR(100),,True,D_SalesforceCaseDetails,FROM [TABLEOWNER].[I_SalesforceCases] I_SalesforceCasesWhere LatestRecordNumber = 1,,I_SalesforceCases,Type,,,224,NULL,0,N
,D_SalesforceCaseDetails,Salesforce Case/Application Details,Dimension,CreatedDate,Created Date,DATETIME,,True,D_SalesforceCaseDetails,FROM [TABLEOWNER].[I_SalesforceCases] I_SalesforceCasesWhere LatestRecordNumber = 1,,I_SalesforceCases,CreatedDate,,,224,NULL,0,N
,D_SalesforceCaseDetails,Salesforce Case/Application Details,Dimension,ICPPremiseType,ICP Premise Type,VARCHAR(100),,True,D_SalesforceCaseDetails,FROM [TABLEOWNER].[I_SalesforceCases] I_SalesforceCasesWhere LatestRecordNumber = 1,,I_SalesforceCases,ICPPremiseType,,,224,NULL,0,N
,D_SalesforceCaseDetails,Salesforce Case/Application Details,Dimension,Priority,Priority,VARCHAR(64),,True,D_SalesforceCaseDetails,FROM [TABLEOWNER].[I_SalesforceCases] I_SalesforceCasesWhere LatestRecordNumber = 1,,I_SalesforceCases,Priority,,,224,NULL,0,N
,D_SalesforceCaseDetails,Salesforce Case/Application Details,Dimension,Locality,Locality,VARCHAR(64),,True,D_SalesforceCaseDetails,FROM [TABLEOWNER].[I_SalesforceCases] I_SalesforceCasesWhere LatestRecordNumber = 1,,I_SalesforceCases,Locality,,,224,NULL,0,N
,D_SalesforceCaseDetails,Salesforce Case/Application Details,Dimension,ReasonForClosure,Reason For Closure,VARCHAR(64),,True,D_SalesforceCaseDetails,FROM [TABLEOWNER].[I_SalesforceCases] I_SalesforceCasesWhere LatestRecordNumber = 1,,I_SalesforceCases,ReasonForClosure,,,224,NULL,0,N
,D_SalesforceCaseDetails,Salesforce Case/Application Details,Dimension,CaseOrigin,Case Origin,VARCHAR(64),,True,D_SalesforceCaseDetails,FROM [TABLEOWNER].[I_SalesforceCases] I_SalesforceCasesWhere LatestRecordNumber = 1,,I_SalesforceCases,CaseOrigin,,,224,NULL,0,N
,D_SalesforceCaseDetails,Salesforce Case/Application Details,Dimension,PreferredRetailer,Preferred Retailer,VARCHAR(64),,True,D_SalesforceCaseDetails,FROM [TABLEOWNER].[I_SalesforceCases] I_SalesforceCasesWhere LatestRecordNumber = 1,,I_SalesforceCases,PreferredRetailer,,,224,NULL,0,N
,D_SalesforceCaseDetails,Salesforce Case/Application Details,Dimension,AssetNumber,Asset Number,VARCHAR(64),,True,D_SalesforceCaseDetails,FROM [TABLEOWNER].[I_SalesforceCases] I_SalesforceCasesWhere LatestRecordNumber = 1,,I_SalesforceCases,AssetNumber,,,224,NULL,0,N
,D_SalesforceCaseDetails,Salesforce Case/Application Details,Dimension,ConnectionPoint,Connection Point,VARCHAR(64),,True,D_SalesforceCaseDetails,FROM [TABLEOWNER].[I_SalesforceCases] I_SalesforceCasesWhere LatestRecordNumber = 1,,I_SalesforceCases,ConnectionPoint,,,224,NULL,0,N
,D_SalesforceCaseDetails,Salesforce Case/Application Details,Dimension,ConnectionType,Connection Type,VARCHAR(64),,True,D_SalesforceCaseDetails,FROM [TABLEOWNER].[I_SalesforceCases] I_SalesforceCasesWhere LatestRecordNumber = 1,,I_SalesforceCases,ConnectionType,,,224,NULL,0,N
,D_SalesforceCaseDetails,Salesforce Case/Application Details,Dimension,ConnectionVoltage,Connection Voltage,VARCHAR(64),,True,D_SalesforceCaseDetails,FROM [TABLEOWNER].[I_SalesforceCases] I_SalesforceCasesWhere LatestRecordNumber = 1,,I_SalesforceCases,ConnectionVoltage,,,224,NULL,0,N
,D_SalesforceCaseDetails,Salesforce Case/Application Details,Dimension,DateAdvised,Date Advised,DATETIME,,True,D_SalesforceCaseDetails,FROM [TABLEOWNER].[I_SalesforceCases] I_SalesforceCasesWhere LatestRecordNumber = 1,,I_SalesforceCases,DateAdvised,,,224,NULL,0,N
,D_SalesforceCaseDetails,Salesforce Case/Application Details,Dimension,DateFeedbackReceived,Date Feedback Received,DATETIME,,True,D_SalesforceCaseDetails,FROM [TABLEOWNER].[I_SalesforceCases] I_SalesforceCasesWhere LatestRecordNumber = 1,,I_SalesforceCases,DateFeedbackReceived,,,224,NULL,0,N
,D_SalesforceCaseDetails,Salesforce Case/Application Details,Dimension,DSUB,DSUB,VARCHAR(64),,True,D_SalesforceCaseDetails,FROM [TABLEOWNER].[I_SalesforceCases] I_SalesforceCasesWhere LatestRecordNumber = 1,,I_SalesforceCases,DSUB,,,224,NULL,0,N
,D_SalesforceCaseDetails,Salesforce Case/Application Details,Dimension,GenerationPhase,Generation Phase,VARCHAR(64),,True,D_SalesforceCaseDetails,FROM [TABLEOWNER].[I_SalesforceCases] I_SalesforceCasesWhere LatestRecordNumber = 1,,I_SalesforceCases,GenerationPhase,,,224,NULL,0,N
,D_SalesforceCaseDetails,Salesforce Case/Application Details,Dimension,GenerationPhaseColour,Generation Phase Colour,VARCHAR(64),,True,D_SalesforceCaseDetails,FROM [TABLEOWNER].[I_SalesforceCases] I_SalesforceCasesWhere LatestRecordNumber = 1,,I_SalesforceCases,GenerationPhaseColour,,,224,NULL,0,N
,D_SalesforceCaseDetails,Salesforce Case/Application Details,Dimension,InverterManufacturer,Inverter Manufacturer,VARCHAR(64),,True,D_SalesforceCaseDetails,FROM [TABLEOWNER].[I_SalesforceCases] I_SalesforceCasesWhere LatestRecordNumber = 1,,I_SalesforceCases,InverterManufacturer,,,224,NULL,0,N
,D_SalesforceCaseDetails,Salesforce Case/Application Details,Dimension,InverterModel,Inverter Model,VARCHAR(100),,True,D_SalesforceCaseDetails,FROM [TABLEOWNER].[I_SalesforceCases] I_SalesforceCasesWhere LatestRecordNumber = 1,,I_SalesforceCases,InverterModel,,,224,NULL,0,N
,D_SalesforceCaseDetails,Salesforce Case/Application Details,Dimension,KVAAndPhase,KVA And Phase,VARCHAR(64),,True,D_SalesforceCaseDetails,FROM [TABLEOWNER].[I_SalesforceCases] I_SalesforceCasesWhere LatestRecordNumber = 1,,I_SalesforceCases,KVAAndPhase,,,224,NULL,0,N
,D_SalesforceCaseDetails,Salesforce Case/Application Details,Dimension,NumberOfStages,Number Of Stages,VARCHAR(64),,True,D_SalesforceCaseDetails,FROM [TABLEOWNER].[I_SalesforceCases] I_SalesforceCasesWhere LatestRecordNumber = 1,,I_SalesforceCases,NumberOfStages,,,224,NULL,0,N
,D_SalesforceCaseDetails,Salesforce Case/Application Details,Dimension,Phase,Phase,VARCHAR(64),,True,D_SalesforceCaseDetails,FROM [TABLEOWNER].[I_SalesforceCases] I_SalesforceCasesWhere LatestRecordNumber = 1,,I_SalesforceCases,Phase,,,224,NULL,0,N
,D_SalesforceCaseDetails,Salesforce Case/Application Details,Dimension,PhaseColour,Phase Colour,VARCHAR(64),,True,D_SalesforceCaseDetails,FROM [TABLEOWNER].[I_SalesforceCases] I_SalesforceCasesWhere LatestRecordNumber = 1,,I_SalesforceCases,PhaseColour,,,224,NULL,0,N
,D_SalesforceCaseDetails,Salesforce Case/Application Details,Dimension,Stage,Stage,VARCHAR(64),,True,D_SalesforceCaseDetails,FROM [TABLEOWNER].[I_SalesforceCases] I_SalesforceCasesWhere LatestRecordNumber = 1,,I_SalesforceCases,Stage,,,224,NULL,0,N
,D_SalesforceCaseDetails,Salesforce Case/Application Details,Dimension,UtilityDisputesLtd,Utility Disputes Ltd,VARCHAR(64),,True,D_SalesforceCaseDetails,FROM [TABLEOWNER].[I_SalesforceCases] I_SalesforceCasesWhere LatestRecordNumber = 1,,I_SalesforceCases,UtilityDisputesLtd,,,224,NULL,0,N
,D_SalesforceCaseDetails,Salesforce Case/Application Details,Dimension,UnsafeServiceLineType,Unsafe Service Line Type,VARCHAR(MAX),,True,D_SalesforceCaseDetails,FROM [TABLEOWNER].[I_SalesforceCases] I_SalesforceCasesWhere LatestRecordNumber = 1,,I_SalesforceCases,UnsafeServiceLineType,,,224,NULL,0,N
,D_SalesforceCaseDetails,Salesforce Case/Application Details,Dimension,ClosedDate,Closed Date,DATETIME,,True,D_SalesforceCaseDetails,FROM [TABLEOWNER].[I_SalesforceCases] I_SalesforceCasesWhere LatestRecordNumber = 1,,I_SalesforceCases,ClosedDate,,,224,NULL,0,N
,D_SalesforceCaseDetails,Salesforce Case/Application Details,Dimension,FibrePrebuild,Fibre Prebuild,VARCHAR(64),,True,D_SalesforceCaseDetails,FROM [TABLEOWNER].[I_SalesforceCases] I_SalesforceCasesWhere LatestRecordNumber = 1,,I_SalesforceCases,FibrePrebuild,,,224,NULL,0,N
,D_SalesforceCaseDetails,Salesforce Case/Application Details,Dimension,FibreAvailable,Fibre Available,VARCHAR(64),,True,D_SalesforceCaseDetails,FROM [TABLEOWNER].[I_SalesforceCases] I_SalesforceCasesWhere LatestRecordNumber = 1,,I_SalesforceCases,FibreAvailable,,,224,NULL,0,N
,D_SalesforceCaseDetails,Salesforce Case/Application Details,Dimension,ODSCreateDate,Date and time the row was created in the data warehouse.,DATETIME,,True,D_SalesforceCaseDetails,FROM [TABLEOWNER].[I_SalesforceCases] I_SalesforceCasesWhere LatestRecordNumber = 1,,,ODSCreateDate,,,224,NULL,0,N
,D_SalesforceCaseDetails,Salesforce Case/Application Details,Dimension,ODSUpdateDate,Date and time the row was updated in the data warehouse.,DATETIME,,True,D_SalesforceCaseDetails,FROM [TABLEOWNER].[I_SalesforceCases] I_SalesforceCasesWhere LatestRecordNumber = 1,,,ODSUpdateDate,,,224,NULL,0,N
,D_SalesforceFeedback,Salesforce Cases Feeback,Dimension,D_SalesforceFeedback_key,Generated artificial key,"INTEGER IDENTITY(1,1)",0,False,D_SalesforceFeedback,FROM [TABLEOWNER].[I_SalesforceCasesFeedback] I_SalesforceCasesFeedback,,,D_SalesforceFeedback_key,,,226,NULL,0,N
,D_SalesforceFeedback,Salesforce Cases Feeback,Dimension,FeedbackArea,Feedback Area,VARCHAR(64),A,True,D_SalesforceFeedback,FROM [TABLEOWNER].[I_SalesforceCasesFeedback] I_SalesforceCasesFeedback,,I_SalesforceCasesFeedback,FeedbackArea,,,226,NULL,0,N
,D_SalesforceFeedback,Salesforce Cases Feeback,Dimension,TypeOfComplaint,Type Of Complaint,VARCHAR(64),A,True,D_SalesforceFeedback,FROM [TABLEOWNER].[I_SalesforceCasesFeedback] I_SalesforceCasesFeedback,,I_SalesforceCasesFeedback,TypeOfComplaint,,,226,NULL,0,N
,D_SalesforceFeedback,Salesforce Cases Feeback,Dimension,ODSCreateDate,Date and time the row was created in the data warehouse.,DATETIME,,True,D_SalesforceFeedback,FROM [TABLEOWNER].[I_SalesforceCasesFeedback] I_SalesforceCasesFeedback,,,ODSCreateDate,,,226,NULL,0,N
,D_SalesforceFeedback,Salesforce Cases Feeback,Dimension,ODSUpdateDate,Date and time the row was updated in the data warehouse.,DATETIME,,True,D_SalesforceFeedback,FROM [TABLEOWNER].[I_SalesforceCasesFeedback] I_SalesforceCasesFeedback,,,ODSUpdateDate,,,226,NULL,0,N
,D_SalesforceGeneration,Salesforce generation details from workorders and cases,Dimension,D_SalesforceGeneration_key,Generated artificial key,"INTEGER IDENTITY(1,1)",0,False,D_SalesforceGeneration,FROM [TABLEOWNER].[I_SalesforceGeneration] I_SalesforceGeneration,,,D_SalesforceGeneration_key,,,228,NULL,0,N
,D_SalesforceGeneration,Salesforce generation details from workorders and cases,Dimension,GenerationType,Generation Type,VARCHAR(64),A,True,D_SalesforceGeneration,FROM [TABLEOWNER].[I_SalesforceGeneration] I_SalesforceGeneration,,I_SalesforceGeneration,GenerationType,,,228,NULL,0,N
,D_SalesforceGeneration,Salesforce generation details from workorders and cases,Dimension,EnergyStorageType,Energy Storage Type,VARCHAR(64),A,True,D_SalesforceGeneration,FROM [TABLEOWNER].[I_SalesforceGeneration] I_SalesforceGeneration,,I_SalesforceGeneration,EnergyStorageType,,,228,NULL,0,N
,D_SalesforceGeneration,Salesforce generation details from workorders and cases,Dimension,ODSCreateDate,Date and time the row was created in the data warehouse.,DATETIME,,True,D_SalesforceGeneration,FROM [TABLEOWNER].[I_SalesforceGeneration] I_SalesforceGeneration,,,ODSCreateDate,,,228,NULL,0,N
,D_SalesforceGeneration,Salesforce generation details from workorders and cases,Dimension,ODSUpdateDate,Date and time the row was updated in the data warehouse.,DATETIME,,True,D_SalesforceGeneration,FROM [TABLEOWNER].[I_SalesforceGeneration] I_SalesforceGeneration,,,ODSUpdateDate,,,228,NULL,0,N
,D_SalesforceLocations,Salesforce Location,Dimension,D_SalesforceLocations_key,Generated artificial key,"INTEGER IDENTITY(1,1)",0,False,D_SalesforceLocations,FROM [TABLEOWNER].[I_SalesforceLocations] I_SalesforceLocationsWHERE LatestRecordNumber = 1,,,D_SalesforceLocations_key,,,230,NULL,0,N
,D_SalesforceLocations,Salesforce Location,Dimension,LocationCode,Location Code,VARCHAR(64),A,True,D_SalesforceLocations,FROM [TABLEOWNER].[I_SalesforceLocations] I_SalesforceLocationsWHERE LatestRecordNumber = 1,,I_SalesforceLocations,LocationCode,,,230,NULL,0,N
,D_SalesforceLocations,Salesforce Location,Dimension,Location,Location,VARCHAR(64),,True,D_SalesforceLocations,FROM [TABLEOWNER].[I_SalesforceLocations] I_SalesforceLocationsWHERE LatestRecordNumber = 1,,I_SalesforceLocations,Location,,,230,NULL,0,N
,D_SalesforceLocations,Salesforce Location,Dimension,Deleted,Deleted,VARCHAR(64),,True,D_SalesforceLocations,FROM [TABLEOWNER].[I_SalesforceLocations] I_SalesforceLocationsWHERE LatestRecordNumber = 1,,I_SalesforceLocations,Deleted,,,230,NULL,0,N
,D_SalesforceLocations,Salesforce Location,Dimension,GoogleMaps,Google Maps,VARCHAR(MAX),,True,D_SalesforceLocations,FROM [TABLEOWNER].[I_SalesforceLocations] I_SalesforceLocationsWHERE LatestRecordNumber = 1,,I_SalesforceLocations,GoogleMaps,,,230,NULL,0,N
,D_SalesforceLocations,Salesforce Location,Dimension,Latitude,Latitude,VARCHAR(64),,True,D_SalesforceLocations,FROM [TABLEOWNER].[I_SalesforceLocations] I_SalesforceLocationsWHERE LatestRecordNumber = 1,,I_SalesforceLocations,Latitude,,,230,NULL,0,N
,D_SalesforceLocations,Salesforce Location,Dimension,Longitude,Longitude,VARCHAR(64),,True,D_SalesforceLocations,FROM [TABLEOWNER].[I_SalesforceLocations] I_SalesforceLocationsWHERE LatestRecordNumber = 1,,I_SalesforceLocations,Longitude,,,230,NULL,0,N
,D_SalesforceLocations,Salesforce Location,Dimension,HouseNumber,House Number,VARCHAR(64),,True,D_SalesforceLocations,FROM [TABLEOWNER].[I_SalesforceLocations] I_SalesforceLocationsWHERE LatestRecordNumber = 1,,I_SalesforceLocations,HouseNumber,,,230,NULL,0,N
,D_SalesforceLocations,Salesforce Location,Dimension,StreetAddress,Street Address,VARCHAR(64),,True,D_SalesforceLocations,FROM [TABLEOWNER].[I_SalesforceLocations] I_SalesforceLocationsWHERE LatestRecordNumber = 1,,I_SalesforceLocations,StreetAddress,,,230,NULL,0,N
,D_SalesforceLocations,Salesforce Location,Dimension,Suburb,Suburb,VARCHAR(64),,True,D_SalesforceLocations,FROM [TABLEOWNER].[I_SalesforceLocations] I_SalesforceLocationsWHERE LatestRecordNumber = 1,,I_SalesforceLocations,Suburb,,,230,NULL,0,N
,D_SalesforceLocations,Salesforce Location,Dimension,City,City,VARCHAR(64),,True,D_SalesforceLocations,FROM [TABLEOWNER].[I_SalesforceLocations] I_SalesforceLocationsWHERE LatestRecordNumber = 1,,I_SalesforceLocations,City,,,230,NULL,0,N
,D_SalesforceLocations,Salesforce Location,Dimension,ICPorFSL,ICP or FSL,VARCHAR(64),,True,D_SalesforceLocations,FROM [TABLEOWNER].[I_SalesforceLocations] I_SalesforceLocationsWHERE LatestRecordNumber = 1,,I_SalesforceLocations,ICPorFSL,,,230,NULL,0,N
,D_SalesforceLocations,Salesforce Location,Dimension,ODSCreateDate,Date and time the row was created in the data warehouse.,DATETIME,,True,D_SalesforceLocations,FROM [TABLEOWNER].[I_SalesforceLocations] I_SalesforceLocationsWHERE LatestRecordNumber = 1,,,ODSCreateDate,,,230,NULL,0,N
,D_SalesforceLocations,Salesforce Location,Dimension,ODSUpdateDate,Date and time the row was updated in the data warehouse.,DATETIME,,True,D_SalesforceLocations,FROM [TABLEOWNER].[I_SalesforceLocations] I_SalesforceLocationsWHERE LatestRecordNumber = 1,,,ODSUpdateDate,,,230,NULL,0,N
,D_SalesforceRecordTypes,Salesforce Record Types,Dimension,D_SalesforceRecordType_key,Generated artificial key,"INTEGER IDENTITY(1,1)",0,False,D_SalesforceRecordTypes,FROM [TABLEOWNER].[I_SalesforceRecordTypes] I_SalesforceRecordTypesWHERE LatestRecordNumber = 1,,,D_SalesforceRecordType_key,,,232,NULL,0,N
,D_SalesforceRecordTypes,Salesforce Record Types,Dimension,RecordTypeCode,Record Type Code,VARCHAR(64),A,True,D_SalesforceRecordTypes,FROM [TABLEOWNER].[I_SalesforceRecordTypes] I_SalesforceRecordTypesWHERE LatestRecordNumber = 1,,I_SalesforceRecordTypes,RecordTypeCode,,,232,NULL,0,N
,D_SalesforceRecordTypes,Salesforce Record Types,Dimension,RecordType,Record Type,VARCHAR(64),,True,D_SalesforceRecordTypes,FROM [TABLEOWNER].[I_SalesforceRecordTypes] I_SalesforceRecordTypesWHERE LatestRecordNumber = 1,,I_SalesforceRecordTypes,RecordType,,,232,NULL,0,N
,D_SalesforceRecordTypes,Salesforce Record Types,Dimension,ODSCreateDate,Date and time the row was created in the data warehouse.,DATETIME,,True,D_SalesforceRecordTypes,FROM [TABLEOWNER].[I_SalesforceRecordTypes] I_SalesforceRecordTypesWHERE LatestRecordNumber = 1,,,ODSCreateDate,,,232,NULL,0,N
,D_SalesforceRecordTypes,Salesforce Record Types,Dimension,ODSUpdateDate,Date and time the row was updated in the data warehouse.,DATETIME,,True,D_SalesforceRecordTypes,FROM [TABLEOWNER].[I_SalesforceRecordTypes] I_SalesforceRecordTypesWHERE LatestRecordNumber = 1,,,ODSUpdateDate,,,232,NULL,0,N
,D_SalesforceUnsafeServiceLine,"Salesforce unsafe service line, can have multiple values per case",Dimension,D_SalesforceUnsafeServ_key,Generated artificial key,"INTEGER IDENTITY(1,1)",0,False,D_SalesforceUnsafeServiceLine,"FROM [TABLEOWNER].[I_SalesforceCasesUnsafeServiceLine] I_SalesforceCasesUnsafeServiceLine ",,,D_SalesforceUnsafeServ_key,,,234,NULL,0,N
,D_SalesforceUnsafeServiceLine,"Salesforce unsafe service line, can have multiple values per case",Dimension,UnsafeServiceLineType,Unsafe Service Line Type,VARCHAR(64),A,True,D_SalesforceUnsafeServiceLine,"FROM [TABLEOWNER].[I_SalesforceCasesUnsafeServiceLine] I_SalesforceCasesUnsafeServiceLine ",,I_SalesforceCasesUnsafeServiceLine,UnsafeServiceLineType,,,234,NULL,0,N
,D_SalesforceUnsafeServiceLine,"Salesforce unsafe service line, can have multiple values per case",Dimension,ODSCreateDate,Date and time the row was created in the data warehouse.,DATETIME,,True,D_SalesforceUnsafeServiceLine,"FROM [TABLEOWNER].[I_SalesforceCasesUnsafeServiceLine] I_SalesforceCasesUnsafeServiceLine ",,,ODSCreateDate,,,234,NULL,0,N
,D_SalesforceUnsafeServiceLine,"Salesforce unsafe service line, can have multiple values per case",Dimension,ODSUpdateDate,Date and time the row was updated in the data warehouse.,DATETIME,,True,D_SalesforceUnsafeServiceLine,"FROM [TABLEOWNER].[I_SalesforceCasesUnsafeServiceLine] I_SalesforceCasesUnsafeServiceLine ",,,ODSUpdateDate,,,234,NULL,0,N
,D_SalesforceWorkOrderDetails,Salesforce Work Order Details,Dimension,D_SalesforceWorkOrderD_key,Generated artificial key,"INTEGER IDENTITY(1,1)",0,False,D_SalesforceWorkOrderDetails,FROM [TABLEOWNER].[I_SalesforceWorkOrders] I_SalesforceWorkOrdersWHERE LatestRecordNumber = 1,,,D_SalesforceWorkOrderD_key,,,236,NULL,0,N
,D_SalesforceWorkOrderDetails,Salesforce Work Order Details,Dimension,WorkOrderCode,Work Order Code,VARCHAR(64),A,True,D_SalesforceWorkOrderDetails,FROM [TABLEOWNER].[I_SalesforceWorkOrders] I_SalesforceWorkOrdersWHERE LatestRecordNumber = 1,,I_SalesforceWorkOrders,WorkOrderCode,,,236,NULL,0,N
,D_SalesforceWorkOrderDetails,Salesforce Work Order Details,Dimension,WorkOrderNumber,Work Order Number,INTEGER,,True,D_SalesforceWorkOrderDetails,FROM [TABLEOWNER].[I_SalesforceWorkOrders] I_SalesforceWorkOrdersWHERE LatestRecordNumber = 1,,I_SalesforceWorkOrders,WorkOrderNumber,,,236,NULL,0,N
,D_SalesforceWorkOrderDetails,Salesforce Work Order Details,Dimension,ScheduledDate,Scheduled Date,DATETIME,,True,D_SalesforceWorkOrderDetails,FROM [TABLEOWNER].[I_SalesforceWorkOrders] I_SalesforceWorkOrdersWHERE LatestRecordNumber = 1,,I_SalesforceWorkOrders,ScheduledDate,,,236,NULL,0,N
,D_SalesforceWorkOrderDetails,Salesforce Work Order Details,Dimension,DateRequested,Date Requested,DATETIME,,True,D_SalesforceWorkOrderDetails,FROM [TABLEOWNER].[I_SalesforceWorkOrders] I_SalesforceWorkOrdersWHERE LatestRecordNumber = 1,,I_SalesforceWorkOrders,DateRequested,,,236,NULL,0,N
,D_SalesforceWorkOrderDetails,Salesforce Work Order Details,Dimension,Priority,Priority,VARCHAR(64),,True,D_SalesforceWorkOrderDetails,FROM [TABLEOWNER].[I_SalesforceWorkOrders] I_SalesforceWorkOrdersWHERE LatestRecordNumber = 1,,I_SalesforceWorkOrders,Priority,,,236,NULL,0,N
,D_SalesforceWorkOrderDetails,Salesforce Work Order Details,Dimension,ConnectionType,Connection Type,VARCHAR(64),,True,D_SalesforceWorkOrderDetails,FROM [TABLEOWNER].[I_SalesforceWorkOrders] I_SalesforceWorkOrdersWHERE LatestRecordNumber = 1,,I_SalesforceWorkOrders,ConnectionType,,,236,NULL,0,N
,D_SalesforceWorkOrderDetails,Salesforce Work Order Details,Dimension,Status,Status,VARCHAR(64),,True,D_SalesforceWorkOrderDetails,FROM [TABLEOWNER].[I_SalesforceWorkOrders] I_SalesforceWorkOrdersWHERE LatestRecordNumber = 1,,I_SalesforceWorkOrders,Status,,,236,NULL,0,N
,D_SalesforceWorkOrderDetails,Salesforce Work Order Details,Dimension,StatusCategory,Status Category,VARCHAR(64),,True,D_SalesforceWorkOrderDetails,FROM [TABLEOWNER].[I_SalesforceWorkOrders] I_SalesforceWorkOrdersWHERE LatestRecordNumber = 1,,I_SalesforceWorkOrders,StatusCategory,,,236,NULL,0,N
,D_SalesforceWorkOrderDetails,Salesforce Work Order Details,Dimension,WorkType,Work Type,VARCHAR(64),,True,D_SalesforceWorkOrderDetails,FROM [TABLEOWNER].[I_SalesforceWorkOrders] I_SalesforceWorkOrdersWHERE LatestRecordNumber = 1,,I_SalesforceWorkOrders,WorkType,,,236,NULL,0,N
,D_SalesforceWorkOrderDetails,Salesforce Work Order Details,Dimension,ApprovalDate,Approval Date,DATETIME,,True,D_SalesforceWorkOrderDetails,FROM [TABLEOWNER].[I_SalesforceWorkOrders] I_SalesforceWorkOrdersWHERE LatestRecordNumber = 1,,I_SalesforceWorkOrders,ApprovalDate,,,236,NULL,0,N
,D_SalesforceWorkOrderDetails,Salesforce Work Order Details,Dimension,ApprovalType,Approval Type,VARCHAR(64),,True,D_SalesforceWorkOrderDetails,FROM [TABLEOWNER].[I_SalesforceWorkOrders] I_SalesforceWorkOrdersWHERE LatestRecordNumber = 1,,I_SalesforceWorkOrders,ApprovalType,,,236,NULL,0,N
,D_SalesforceWorkOrderDetails,Salesforce Work Order Details,Dimension,AssemblyCode,Assembly Code,VARCHAR(64),,True,D_SalesforceWorkOrderDetails,FROM [TABLEOWNER].[I_SalesforceWorkOrders] I_SalesforceWorkOrdersWHERE LatestRecordNumber = 1,,I_SalesforceWorkOrders,AssemblyCode,,,236,NULL,0,N
,D_SalesforceWorkOrderDetails,Salesforce Work Order Details,Dimension,ConnectionPoint,Connection Point,VARCHAR(64),,True,D_SalesforceWorkOrderDetails,FROM [TABLEOWNER].[I_SalesforceWorkOrders] I_SalesforceWorkOrdersWHERE LatestRecordNumber = 1,,I_SalesforceWorkOrders,ConnectionPoint,,,236,NULL,0,N
,D_SalesforceWorkOrderDetails,Salesforce Work Order Details,Dimension,ConnectionVoltage,Connection Voltage,VARCHAR(64),,True,D_SalesforceWorkOrderDetails,FROM [TABLEOWNER].[I_SalesforceWorkOrders] I_SalesforceWorkOrdersWHERE LatestRecordNumber = 1,,I_SalesforceWorkOrders,ConnectionVoltage,,,236,NULL,0,N
,D_SalesforceWorkOrderDetails,Salesforce Work Order Details,Dimension,FuseCurrentRatings,Fuse Current Ratings,VARCHAR(64),,True,D_SalesforceWorkOrderDetails,FROM [TABLEOWNER].[I_SalesforceWorkOrders] I_SalesforceWorkOrdersWHERE LatestRecordNumber = 1,,I_SalesforceWorkOrders,FuseCurrentRatings,,,236,NULL,0,N
,D_SalesforceWorkOrderDetails,Salesforce Work Order Details,Dimension,InverterManufacturer,Inverter Manufacturer,VARCHAR(64),,True,D_SalesforceWorkOrderDetails,FROM [TABLEOWNER].[I_SalesforceWorkOrders] I_SalesforceWorkOrdersWHERE LatestRecordNumber = 1,,I_SalesforceWorkOrders,InverterManufacturer,,,236,NULL,0,N
,D_SalesforceWorkOrderDetails,Salesforce Work Order Details,Dimension,InverterModel,Inverter Model,VARCHAR(100),,True,D_SalesforceWorkOrderDetails,FROM [TABLEOWNER].[I_SalesforceWorkOrders] I_SalesforceWorkOrdersWHERE LatestRecordNumber = 1,,I_SalesforceWorkOrders,InverterModel,,,236,NULL,0,N
,D_SalesforceWorkOrderDetails,Salesforce Work Order Details,Dimension,Phase,Phase,VARCHAR(64),,True,D_SalesforceWorkOrderDetails,FROM [TABLEOWNER].[I_SalesforceWorkOrders] I_SalesforceWorkOrdersWHERE LatestRecordNumber = 1,,I_SalesforceWorkOrders,Phase,,,236,NULL,0,N
,D_SalesforceWorkOrderDetails,Salesforce Work Order Details,Dimension,PhaseColour,Phase Colour,VARCHAR(64),,True,D_SalesforceWorkOrderDetails,FROM [TABLEOWNER].[I_SalesforceWorkOrders] I_SalesforceWorkOrdersWHERE LatestRecordNumber = 1,,I_SalesforceWorkOrders,PhaseColour,,,236,NULL,0,N
,D_SalesforceWorkOrderDetails,Salesforce Work Order Details,Dimension,ServiceMain,Service Main,VARCHAR(64),,True,D_SalesforceWorkOrderDetails,FROM [TABLEOWNER].[I_SalesforceWorkOrders] I_SalesforceWorkOrdersWHERE LatestRecordNumber = 1,,I_SalesforceWorkOrders,ServiceMain,,,236,NULL,0,N
,D_SalesforceWorkOrderDetails,Salesforce Work Order Details,Dimension,ControlledLoadRequired,Controlled Load Required,VARCHAR(64),,True,D_SalesforceWorkOrderDetails,FROM [TABLEOWNER].[I_SalesforceWorkOrders] I_SalesforceWorkOrdersWHERE LatestRecordNumber = 1,,I_SalesforceWorkOrders,ControlledLoadRequired,,,236,NULL,0,N
,D_SalesforceWorkOrderDetails,Salesforce Work Order Details,Dimension,CaseNumber,Case Number,INTEGER,,True,D_SalesforceWorkOrderDetails,FROM [TABLEOWNER].[I_SalesforceWorkOrders] I_SalesforceWorkOrdersWHERE LatestRecordNumber = 1,,I_SalesforceWorkOrders,CaseNumber,,,236,NULL,0,N
,D_SalesforceWorkOrderDetails,Salesforce Work Order Details,Dimension,IssuedToProjectManagerDate,Issued To Project Manager Date,DATETIME,,True,D_SalesforceWorkOrderDetails,FROM [TABLEOWNER].[I_SalesforceWorkOrders] I_SalesforceWorkOrdersWHERE LatestRecordNumber = 1,,I_SalesforceWorkOrders,IssuedToProjectManagerDate,,,236,NULL,0,N
,D_SalesforceWorkOrderDetails,Salesforce Work Order Details,Dimension,QuoteExpiredDate,Quote Expired Date,DATETIME,,True,D_SalesforceWorkOrderDetails,FROM [TABLEOWNER].[I_SalesforceWorkOrders] I_SalesforceWorkOrdersWHERE LatestRecordNumber = 1,,I_SalesforceWorkOrders,QuoteExpiredDate,,,236,NULL,0,N
,D_SalesforceWorkOrderDetails,Salesforce Work Order Details,Dimension,QuoteRequestedDate,Quote Requested Date,DATETIME,,True,D_SalesforceWorkOrderDetails,FROM [TABLEOWNER].[I_SalesforceWorkOrders] I_SalesforceWorkOrdersWHERE LatestRecordNumber = 1,,I_SalesforceWorkOrders,QuoteRequestedDate,,,236,NULL,0,N
,D_SalesforceWorkOrderDetails,Salesforce Work Order Details,Dimension,QuoteSentDate,Quote Sent Date,DATETIME,,True,D_SalesforceWorkOrderDetails,FROM [TABLEOWNER].[I_SalesforceWorkOrders] I_SalesforceWorkOrdersWHERE LatestRecordNumber = 1,,I_SalesforceWorkOrders,QuoteSentDate,,,236,NULL,0,N
,D_SalesforceWorkOrderDetails,Salesforce Work Order Details,Dimension,PaymentReceivedDate,Payment Received Date,DATETIME,,True,D_SalesforceWorkOrderDetails,FROM [TABLEOWNER].[I_SalesforceWorkOrders] I_SalesforceWorkOrdersWHERE LatestRecordNumber = 1,,I_SalesforceWorkOrders,PaymentReceivedDate,,,236,NULL,0,N
,D_SalesforceWorkOrderDetails,Salesforce Work Order Details,Dimension,RetailerAcceptanceDate,Retailer Acceptance Date,DATETIME,,True,D_SalesforceWorkOrderDetails,FROM [TABLEOWNER].[I_SalesforceWorkOrders] I_SalesforceWorkOrdersWHERE LatestRecordNumber = 1,,I_SalesforceWorkOrders,RetailerAcceptanceDate,,,236,NULL,0,N
,D_SalesforceWorkOrderDetails,Salesforce Work Order Details,Dimension,RetailerAuthorityDate,Retailer Authority Date,DATETIME,,True,D_SalesforceWorkOrderDetails,FROM [TABLEOWNER].[I_SalesforceWorkOrders] I_SalesforceWorkOrdersWHERE LatestRecordNumber = 1,,I_SalesforceWorkOrders,RetailerAuthorityDate,,,236,NULL,0,N
,D_SalesforceWorkOrderDetails,Salesforce Work Order Details,Dimension,ODSCreateDate,Date and time the row was created in the data warehouse.,DATETIME,,True,D_SalesforceWorkOrderDetails,FROM [TABLEOWNER].[I_SalesforceWorkOrders] I_SalesforceWorkOrdersWHERE LatestRecordNumber = 1,,,ODSCreateDate,,,236,NULL,0,N
,D_SalesforceWorkOrderDetails,Salesforce Work Order Details,Dimension,ODSUpdateDate,Date and time the row was updated in the data warehouse.,DATETIME,,True,D_SalesforceWorkOrderDetails,FROM [TABLEOWNER].[I_SalesforceWorkOrders] I_SalesforceWorkOrdersWHERE LatestRecordNumber = 1,,,ODSUpdateDate,,,236,NULL,0,N
,F_SalesforceCases,Salesforce Cases counts,Fact Table,D_SalesforceCaseDetail_key,S_SalesforceCases.CaseCode=D_SalesforceCaseDetails.CaseCode,INTEGER,A,False,F_SalesforceCases,FROM [TABLEOWNER].[d_closeddate] JOIN [TABLEOWNER].[D_Date] JOIN [TABLEOWNER].[d_icp] JOIN [TABLEOWNER].[D_SalesforceCaseDetails] JOIN [TABLEOWNER].[d_salesforcefeedback] JOIN [TABLEOWNER].[d_salesforcegeneration] JOIN [TABLEOWNER].[D_SalesforceLocations] JOIN [TABLEOWNER].[D_SalesforceRecordTypes] JOIN [TABLEOWNER].[S_SalesforceCases],,D_SalesforceCaseDetails,D_SalesforceCaseDetail_key,,,245,NULL,0,N
,F_SalesforceCases,Salesforce Cases counts,Fact Table,D_SalesforceLocations_key,S_SalesforceCases.LocationCode=D_SalesforceLocations.LocationCode,INTEGER,2,False,F_SalesforceCases,FROM [TABLEOWNER].[d_closeddate] JOIN [TABLEOWNER].[D_Date] JOIN [TABLEOWNER].[d_icp] JOIN [TABLEOWNER].[D_SalesforceCaseDetails] JOIN [TABLEOWNER].[d_salesforcefeedback] JOIN [TABLEOWNER].[d_salesforcegeneration] JOIN [TABLEOWNER].[D_SalesforceLocations] JOIN [TABLEOWNER].[D_SalesforceRecordTypes] JOIN [TABLEOWNER].[S_SalesforceCases],,D_SalesforceLocations,D_SalesforceLocations_key,,,245,NULL,0,N
,F_SalesforceCases,Salesforce Cases counts,Fact Table,D_SalesforceRecordType_key,S_SalesforceCases.RecordTypeCode=D_SalesforceRecordTypes.RecordTypeCode,INTEGER,2,False,F_SalesforceCases,FROM [TABLEOWNER].[d_closeddate] JOIN [TABLEOWNER].[D_Date] JOIN [TABLEOWNER].[d_icp] JOIN [TABLEOWNER].[D_SalesforceCaseDetails] JOIN [TABLEOWNER].[d_salesforcefeedback] JOIN [TABLEOWNER].[d_salesforcegeneration] JOIN [TABLEOWNER].[D_SalesforceLocations] JOIN [TABLEOWNER].[D_SalesforceRecordTypes] JOIN [TABLEOWNER].[S_SalesforceCases],,D_SalesforceRecordTypes,D_SalesforceRecordType_key,,,245,NULL,0,N
,F_SalesforceCases,Salesforce Cases counts,Fact Table,D_Date_key,S_SalesforceCases.CreatedDate=D_Date.CalendarDate,INTEGER,2,False,F_SalesforceCases,FROM [TABLEOWNER].[d_closeddate] JOIN [TABLEOWNER].[D_Date] JOIN [TABLEOWNER].[d_icp] JOIN [TABLEOWNER].[D_SalesforceCaseDetails] JOIN [TABLEOWNER].[d_salesforcefeedback] JOIN [TABLEOWNER].[d_salesforcegeneration] JOIN [TABLEOWNER].[D_SalesforceLocations] JOIN [TABLEOWNER].[D_SalesforceRecordTypes] JOIN [TABLEOWNER].[S_SalesforceCases],,D_Date,D_Date_key,,,245,NULL,0,N
,F_SalesforceCases,Salesforce Cases counts,Fact Table,D_ICP_key,S_SalesforceCases.ICPorFSL=D_ICP.Install,INTEGER,2,False,F_SalesforceCases,FROM [TABLEOWNER].[d_closeddate] JOIN [TABLEOWNER].[D_Date] JOIN [TABLEOWNER].[d_icp] JOIN [TABLEOWNER].[D_SalesforceCaseDetails] JOIN [TABLEOWNER].[d_salesforcefeedback] JOIN [TABLEOWNER].[d_salesforcegeneration] JOIN [TABLEOWNER].[D_SalesforceLocations] JOIN [TABLEOWNER].[D_SalesforceRecordTypes] JOIN [TABLEOWNER].[S_SalesforceCases],,d_icp,D_ICP_key,,,245,NULL,0,N
,F_SalesforceCases,Salesforce Cases counts,Fact Table,D_SalesforceFeedback_key,S_SalesforceCases.FeedbackArea=D_SalesforceFeedback.FeedbackArea S_SalesforceCases.TypeOfComplaint=D_SalesforceFeedback.TypeOfComplaint,INTEGER,2,False,F_SalesforceCases,FROM [TABLEOWNER].[d_closeddate] JOIN [TABLEOWNER].[D_Date] JOIN [TABLEOWNER].[d_icp] JOIN [TABLEOWNER].[D_SalesforceCaseDetails] JOIN [TABLEOWNER].[d_salesforcefeedback] JOIN [TABLEOWNER].[d_salesforcegeneration] JOIN [TABLEOWNER].[D_SalesforceLocations] JOIN [TABLEOWNER].[D_SalesforceRecordTypes] JOIN [TABLEOWNER].[S_SalesforceCases],,d_salesforcefeedback,D_SalesforceFeedback_key,,,245,NULL,0,N
,F_SalesforceCases,Salesforce Cases counts,Fact Table,D_SalesforceGeneration_key,S_SalesforceCases.GenerationType=D_SalesforceGeneration.GenerationType S_SalesforceCases.EnergyStorageType=D_SalesforceGeneration.EnergyStorageType,INTEGER,2,False,F_SalesforceCases,FROM [TABLEOWNER].[d_closeddate] JOIN [TABLEOWNER].[D_Date] JOIN [TABLEOWNER].[d_icp] JOIN [TABLEOWNER].[D_SalesforceCaseDetails] JOIN [TABLEOWNER].[d_salesforcefeedback] JOIN [TABLEOWNER].[d_salesforcegeneration] JOIN [TABLEOWNER].[D_SalesforceLocations] JOIN [TABLEOWNER].[D_SalesforceRecordTypes] JOIN [TABLEOWNER].[S_SalesforceCases],,d_salesforcegeneration,D_SalesforceGeneration_key,,,245,NULL,0,N
,F_SalesforceCases,Salesforce Cases counts,Fact Table,D_ClosedDate_key,S_SalesforceCases.ClosedDate=D_ClosedDate.ClosedDate,INTEGER,2,False,F_SalesforceCases,FROM [TABLEOWNER].[d_closeddate] JOIN [TABLEOWNER].[D_Date] JOIN [TABLEOWNER].[d_icp] JOIN [TABLEOWNER].[D_SalesforceCaseDetails] JOIN [TABLEOWNER].[d_salesforcefeedback] JOIN [TABLEOWNER].[d_salesforcegeneration] JOIN [TABLEOWNER].[D_SalesforceLocations] JOIN [TABLEOWNER].[D_SalesforceRecordTypes] JOIN [TABLEOWNER].[S_SalesforceCases],,d_closeddate,D_ClosedDate_key,,,245,NULL,0,N
,F_SalesforceCases,Salesforce Cases counts,Fact Table,CasesGenerationCapacity,Cases Generation Capacity,"DECIMAL(15,2)",,True,F_SalesforceCases,FROM [TABLEOWNER].[d_closeddate] JOIN [TABLEOWNER].[D_Date] JOIN [TABLEOWNER].[d_icp] JOIN [TABLEOWNER].[D_SalesforceCaseDetails] JOIN [TABLEOWNER].[d_salesforcefeedback] JOIN [TABLEOWNER].[d_salesforcegeneration] JOIN [TABLEOWNER].[D_SalesforceLocations] JOIN [TABLEOWNER].[D_SalesforceRecordTypes] JOIN [TABLEOWNER].[S_SalesforceCases],,S_SalesforceCases,CasesGenerationCapacity,,,245,NULL,0,N
,F_SalesforceCases,Salesforce Cases counts,Fact Table,CasesEnergyStorageCapacity,Cases Energy Storage Capacity,"DECIMAL(15,2)",,True,F_SalesforceCases,FROM [TABLEOWNER].[d_closeddate] JOIN [TABLEOWNER].[D_Date] JOIN [TABLEOWNER].[d_icp] JOIN [TABLEOWNER].[D_SalesforceCaseDetails] JOIN [TABLEOWNER].[d_salesforcefeedback] JOIN [TABLEOWNER].[d_salesforcegeneration] JOIN [TABLEOWNER].[D_SalesforceLocations] JOIN [TABLEOWNER].[D_SalesforceRecordTypes] JOIN [TABLEOWNER].[S_SalesforceCases],,S_SalesforceCases,CasesEnergyStorageCapacity,,,245,NULL,0,N
,F_SalesforceCases,Salesforce Cases counts,Fact Table,CasesCount,Cases Count,INTEGER,,True,F_SalesforceCases,FROM [TABLEOWNER].[d_closeddate] JOIN [TABLEOWNER].[D_Date] JOIN [TABLEOWNER].[d_icp] JOIN [TABLEOWNER].[D_SalesforceCaseDetails] JOIN [TABLEOWNER].[d_salesforcefeedback] JOIN [TABLEOWNER].[d_salesforcegeneration] JOIN [TABLEOWNER].[D_SalesforceLocations] JOIN [TABLEOWNER].[D_SalesforceRecordTypes] JOIN [TABLEOWNER].[S_SalesforceCases],,S_SalesforceCases,CasesCount,,,245,NULL,0,N
,F_SalesforceCases,Salesforce Cases counts,Fact Table,CasesClosedCount,Cases Closed Count,INTEGER,,True,F_SalesforceCases,FROM [TABLEOWNER].[d_closeddate] JOIN [TABLEOWNER].[D_Date] JOIN [TABLEOWNER].[d_icp] JOIN [TABLEOWNER].[D_SalesforceCaseDetails] JOIN [TABLEOWNER].[d_salesforcefeedback] JOIN [TABLEOWNER].[d_salesforcegeneration] JOIN [TABLEOWNER].[D_SalesforceLocations] JOIN [TABLEOWNER].[D_SalesforceRecordTypes] JOIN [TABLEOWNER].[S_SalesforceCases],,S_SalesforceCases,CasesClosedCount,,,245,NULL,0,N
,F_SalesforceCases,Salesforce Cases counts,Fact Table,CasesOpenCount,Cases Open Count,INTEGER,,True,F_SalesforceCases,FROM [TABLEOWNER].[d_closeddate] JOIN [TABLEOWNER].[D_Date] JOIN [TABLEOWNER].[d_icp] JOIN [TABLEOWNER].[D_SalesforceCaseDetails] JOIN [TABLEOWNER].[d_salesforcefeedback] JOIN [TABLEOWNER].[d_salesforcegeneration] JOIN [TABLEOWNER].[D_SalesforceLocations] JOIN [TABLEOWNER].[D_SalesforceRecordTypes] JOIN [TABLEOWNER].[S_SalesforceCases],,S_SalesforceCases,CasesOpenCount,,,245,NULL,0,N
,F_SalesforceCases,Salesforce Cases counts,Fact Table,CasesTotalLoad,Cases Total Load,"DECIMAL(15,2)",,True,F_SalesforceCases,FROM [TABLEOWNER].[d_closeddate] JOIN [TABLEOWNER].[D_Date] JOIN [TABLEOWNER].[d_icp] JOIN [TABLEOWNER].[D_SalesforceCaseDetails] JOIN [TABLEOWNER].[d_salesforcefeedback] JOIN [TABLEOWNER].[d_salesforcegeneration] JOIN [TABLEOWNER].[D_SalesforceLocations] JOIN [TABLEOWNER].[D_SalesforceRecordTypes] JOIN [TABLEOWNER].[S_SalesforceCases],,S_SalesforceCases,CasesTotalLoad,,,245,NULL,0,N
,F_SalesforceCases,Salesforce Cases counts,Fact Table,CasesTotalLots,Cases Total Lots,"DECIMAL(15,2)",,True,F_SalesforceCases,FROM [TABLEOWNER].[d_closeddate] JOIN [TABLEOWNER].[D_Date] JOIN [TABLEOWNER].[d_icp] JOIN [TABLEOWNER].[D_SalesforceCaseDetails] JOIN [TABLEOWNER].[d_salesforcefeedback] JOIN [TABLEOWNER].[d_salesforcegeneration] JOIN [TABLEOWNER].[D_SalesforceLocations] JOIN [TABLEOWNER].[D_SalesforceRecordTypes] JOIN [TABLEOWNER].[S_SalesforceCases],,S_SalesforceCases,CasesTotalLots,,,245,NULL,0,N
,F_SalesforceCases,Salesforce Cases counts,Fact Table,CasesCapacityChargeLoad,Cases Capacity Charge Load,"DECIMAL(15,2)",,True,F_SalesforceCases,FROM [TABLEOWNER].[d_closeddate] JOIN [TABLEOWNER].[D_Date] JOIN [TABLEOWNER].[d_icp] JOIN [TABLEOWNER].[D_SalesforceCaseDetails] JOIN [TABLEOWNER].[d_salesforcefeedback] JOIN [TABLEOWNER].[d_salesforcegeneration] JOIN [TABLEOWNER].[D_SalesforceLocations] JOIN [TABLEOWNER].[D_SalesforceRecordTypes] JOIN [TABLEOWNER].[S_SalesforceCases],,S_SalesforceCases,CasesCapacityChargeLoad,,,245,NULL,0,N
,F_SalesforceCases,Salesforce Cases counts,Fact Table,CasesCapacityChargeLots,Cases Capacity Charge Lots,"DECIMAL(15,2)",,True,F_SalesforceCases,FROM [TABLEOWNER].[d_closeddate] JOIN [TABLEOWNER].[D_Date] JOIN [TABLEOWNER].[d_icp] JOIN [TABLEOWNER].[D_SalesforceCaseDetails] JOIN [TABLEOWNER].[d_salesforcefeedback] JOIN [TABLEOWNER].[d_salesforcegeneration] JOIN [TABLEOWNER].[D_SalesforceLocations] JOIN [TABLEOWNER].[D_SalesforceRecordTypes] JOIN [TABLEOWNER].[S_SalesforceCases],,S_SalesforceCases,CasesCapacityChargeLots,,,245,NULL,0,N
,F_SalesforceCases,Salesforce Cases counts,Fact Table,ODSCreateDate,Date and time the row was created in the data warehouse.,DATETIME,,True,F_SalesforceCases,FROM [TABLEOWNER].[d_closeddate] JOIN [TABLEOWNER].[D_Date] JOIN [TABLEOWNER].[d_icp] JOIN [TABLEOWNER].[D_SalesforceCaseDetails] JOIN [TABLEOWNER].[d_salesforcefeedback] JOIN [TABLEOWNER].[d_salesforcegeneration] JOIN [TABLEOWNER].[D_SalesforceLocations] JOIN [TABLEOWNER].[D_SalesforceRecordTypes] JOIN [TABLEOWNER].[S_SalesforceCases],,,ODSCreateDate,,,245,NULL,0,N
,F_SalesforceCases,Salesforce Cases counts,Fact Table,ODSInstanceCount,row count column,INTEGER,,True,F_SalesforceCases,FROM [TABLEOWNER].[d_closeddate] JOIN [TABLEOWNER].[D_Date] JOIN [TABLEOWNER].[d_icp] JOIN [TABLEOWNER].[D_SalesforceCaseDetails] JOIN [TABLEOWNER].[d_salesforcefeedback] JOIN [TABLEOWNER].[d_salesforcegeneration] JOIN [TABLEOWNER].[D_SalesforceLocations] JOIN [TABLEOWNER].[D_SalesforceRecordTypes] JOIN [TABLEOWNER].[S_SalesforceCases],,,ODSInstanceCount,,,245,NULL,0,N
,F_SalesforceCases,Salesforce Cases counts,Fact Table,ODSUpdateDate,Date and time the row was updated in the data warehouse.,DATETIME,,True,F_SalesforceCases,FROM [TABLEOWNER].[d_closeddate] JOIN [TABLEOWNER].[D_Date] JOIN [TABLEOWNER].[d_icp] JOIN [TABLEOWNER].[D_SalesforceCaseDetails] JOIN [TABLEOWNER].[d_salesforcefeedback] JOIN [TABLEOWNER].[d_salesforcegeneration] JOIN [TABLEOWNER].[D_SalesforceLocations] JOIN [TABLEOWNER].[D_SalesforceRecordTypes] JOIN [TABLEOWNER].[S_SalesforceCases],,,ODSUpdateDate,,,245,NULL,0,N
,F_SalesforceWorkOrders,Salesforce work orders count,Fact Table,D_SalesforceWorkOrderD_key,S_SalesforceWorkOrders.WorkOrderCode=D_SalesforceWorkOrderDetails.WorkOrderCode,INTEGER,A,False,F_SalesforceWorkOrders,FROM [TABLEOWNER].[D_Date] JOIN [TABLEOWNER].[D_ICP] JOIN [TABLEOWNER].[D_SalesforceCaseDetails] JOIN [TABLEOWNER].[D_SalesforceGeneration] JOIN [TABLEOWNER].[d_salesforcelocations] JOIN [TABLEOWNER].[D_SalesforceRecordTypes] JOIN [TABLEOWNER].[D_SalesforceWorkOrderDetails] JOIN [TABLEOWNER].[S_SalesforceWorkOrders],,D_SalesforceWorkOrderDetails,D_SalesforceWorkOrderD_key,,,246,NULL,0,N
,F_SalesforceWorkOrders,Salesforce work orders count,Fact Table,D_SalesforceRecordType_key,S_SalesforceWorkOrders.RecordTypeCode=D_SalesforceRecordTypes.RecordTypeCode,INTEGER,2,False,F_SalesforceWorkOrders,FROM [TABLEOWNER].[D_Date] JOIN [TABLEOWNER].[D_ICP] JOIN [TABLEOWNER].[D_SalesforceCaseDetails] JOIN [TABLEOWNER].[D_SalesforceGeneration] JOIN [TABLEOWNER].[d_salesforcelocations] JOIN [TABLEOWNER].[D_SalesforceRecordTypes] JOIN [TABLEOWNER].[D_SalesforceWorkOrderDetails] JOIN [TABLEOWNER].[S_SalesforceWorkOrders],,D_SalesforceRecordTypes,D_SalesforceRecordType_key,,,246,NULL,0,N
,F_SalesforceWorkOrders,Salesforce work orders count,Fact Table,D_Date_key,S_SalesforceWorkOrders.CreatedDate=D_Date.CalendarDate,INTEGER,2,False,F_SalesforceWorkOrders,FROM [TABLEOWNER].[D_Date] JOIN [TABLEOWNER].[D_ICP] JOIN [TABLEOWNER].[D_SalesforceCaseDetails] JOIN [TABLEOWNER].[D_SalesforceGeneration] JOIN [TABLEOWNER].[d_salesforcelocations] JOIN [TABLEOWNER].[D_SalesforceRecordTypes] JOIN [TABLEOWNER].[D_SalesforceWorkOrderDetails] JOIN [TABLEOWNER].[S_SalesforceWorkOrders],,D_Date,D_Date_key,,,246,NULL,0,N
,F_SalesforceWorkOrders,Salesforce work orders count,Fact Table,D_SalesforceCaseDetail_key,S_SalesforceWorkOrders.CaseCode=D_SalesforceCaseDetails.CaseCode,INTEGER,2,False,F_SalesforceWorkOrders,FROM [TABLEOWNER].[D_Date] JOIN [TABLEOWNER].[D_ICP] JOIN [TABLEOWNER].[D_SalesforceCaseDetails] JOIN [TABLEOWNER].[D_SalesforceGeneration] JOIN [TABLEOWNER].[d_salesforcelocations] JOIN [TABLEOWNER].[D_SalesforceRecordTypes] JOIN [TABLEOWNER].[D_SalesforceWorkOrderDetails] JOIN [TABLEOWNER].[S_SalesforceWorkOrders],,D_SalesforceCaseDetails,D_SalesforceCaseDetail_key,,,246,NULL,0,N
,F_SalesforceWorkOrders,Salesforce work orders count,Fact Table,D_ICP_key,S_SalesforceWorkOrders.ICPorFSL=D_ICP.Install,INTEGER,2,False,F_SalesforceWorkOrders,FROM [TABLEOWNER].[D_Date] JOIN [TABLEOWNER].[D_ICP] JOIN [TABLEOWNER].[D_SalesforceCaseDetails] JOIN [TABLEOWNER].[D_SalesforceGeneration] JOIN [TABLEOWNER].[d_salesforcelocations] JOIN [TABLEOWNER].[D_SalesforceRecordTypes] JOIN [TABLEOWNER].[D_SalesforceWorkOrderDetails] JOIN [TABLEOWNER].[S_SalesforceWorkOrders],,D_ICP,D_ICP_key,,,246,NULL,0,N
,F_SalesforceWorkOrders,Salesforce work orders count,Fact Table,D_SalesforceGeneration_key,S_SalesforceWorkOrders.GenerationType=D_SalesforceGeneration.GenerationType S_SalesforceWorkOrders.GenerationCapacity=D_SalesforceGeneration.GenerationCapacity S_SalesforceWorkOrders.EnergyStorageCapacity=D_SalesforceGeneration.EnergyStorageCapacity S_SalesforceWorkOrders.EnergyStorageType=D_SalesforceGeneration.EnergyStorageType,INTEGER,2,False,F_SalesforceWorkOrders,FROM [TABLEOWNER].[D_Date] JOIN [TABLEOWNER].[D_ICP] JOIN [TABLEOWNER].[D_SalesforceCaseDetails] JOIN [TABLEOWNER].[D_SalesforceGeneration] JOIN [TABLEOWNER].[d_salesforcelocations] JOIN [TABLEOWNER].[D_SalesforceRecordTypes] JOIN [TABLEOWNER].[D_SalesforceWorkOrderDetails] JOIN [TABLEOWNER].[S_SalesforceWorkOrders],,D_SalesforceGeneration,D_SalesforceGeneration_key,,,246,NULL,0,N
,F_SalesforceWorkOrders,Salesforce work orders count,Fact Table,D_SalesforceLocations_key,S_SalesforceWorkOrders.CaseLocationCode=D_SalesforceLocations.LocationCode,INTEGER,2,False,F_SalesforceWorkOrders,FROM [TABLEOWNER].[D_Date] JOIN [TABLEOWNER].[D_ICP] JOIN [TABLEOWNER].[D_SalesforceCaseDetails] JOIN [TABLEOWNER].[D_SalesforceGeneration] JOIN [TABLEOWNER].[d_salesforcelocations] JOIN [TABLEOWNER].[D_SalesforceRecordTypes] JOIN [TABLEOWNER].[D_SalesforceWorkOrderDetails] JOIN [TABLEOWNER].[S_SalesforceWorkOrders],,d_salesforcelocations,D_SalesforceLocations_key,,,246,NULL,0,N
,F_SalesforceWorkOrders,Salesforce work orders count,Fact Table,WorkOrdersGenerationCapacity,Work Orders Generation Capacity,"DECIMAL(15,2)",,True,F_SalesforceWorkOrders,FROM [TABLEOWNER].[D_Date] JOIN [TABLEOWNER].[D_ICP] JOIN [TABLEOWNER].[D_SalesforceCaseDetails] JOIN [TABLEOWNER].[D_SalesforceGeneration] JOIN [TABLEOWNER].[d_salesforcelocations] JOIN [TABLEOWNER].[D_SalesforceRecordTypes] JOIN [TABLEOWNER].[D_SalesforceWorkOrderDetails] JOIN [TABLEOWNER].[S_SalesforceWorkOrders],,S_SalesforceWorkOrders,WorkOrdersGenerationCapacity,,,246,NULL,0,N
,F_SalesforceWorkOrders,Salesforce work orders count,Fact Table,WorkOrdersEnergyStorageCapacity,Work Orders Energy Storage Capacity,"DECIMAL(15,2)",,True,F_SalesforceWorkOrders,FROM [TABLEOWNER].[D_Date] JOIN [TABLEOWNER].[D_ICP] JOIN [TABLEOWNER].[D_SalesforceCaseDetails] JOIN [TABLEOWNER].[D_SalesforceGeneration] JOIN [TABLEOWNER].[d_salesforcelocations] JOIN [TABLEOWNER].[D_SalesforceRecordTypes] JOIN [TABLEOWNER].[D_SalesforceWorkOrderDetails] JOIN [TABLEOWNER].[S_SalesforceWorkOrders],,S_SalesforceWorkOrders,WorkOrdersEnergyStorageCapacity,,,246,NULL,0,N
,F_SalesforceWorkOrders,Salesforce work orders count,Fact Table,WorkOrdersCount,Work Orders Count,INTEGER,,True,F_SalesforceWorkOrders,FROM [TABLEOWNER].[D_Date] JOIN [TABLEOWNER].[D_ICP] JOIN [TABLEOWNER].[D_SalesforceCaseDetails] JOIN [TABLEOWNER].[D_SalesforceGeneration] JOIN [TABLEOWNER].[d_salesforcelocations] JOIN [TABLEOWNER].[D_SalesforceRecordTypes] JOIN [TABLEOWNER].[D_SalesforceWorkOrderDetails] JOIN [TABLEOWNER].[S_SalesforceWorkOrders],,S_SalesforceWorkOrders,WorkOrdersCount,,,246,NULL,0,N
,F_SalesforceWorkOrders,Salesforce work orders count,Fact Table,WorkOrdersClosedCount,Work Orders Closed Count,INTEGER,,True,F_SalesforceWorkOrders,FROM [TABLEOWNER].[D_Date] JOIN [TABLEOWNER].[D_ICP] JOIN [TABLEOWNER].[D_SalesforceCaseDetails] JOIN [TABLEOWNER].[D_SalesforceGeneration] JOIN [TABLEOWNER].[d_salesforcelocations] JOIN [TABLEOWNER].[D_SalesforceRecordTypes] JOIN [TABLEOWNER].[D_SalesforceWorkOrderDetails] JOIN [TABLEOWNER].[S_SalesforceWorkOrders],,S_SalesforceWorkOrders,WorkOrdersClosedCount,,,246,NULL,0,N
,F_SalesforceWorkOrders,Salesforce work orders count,Fact Table,WorkOrdersOpenCount,Work Orders Open Count,INTEGER,,True,F_SalesforceWorkOrders,FROM [TABLEOWNER].[D_Date] JOIN [TABLEOWNER].[D_ICP] JOIN [TABLEOWNER].[D_SalesforceCaseDetails] JOIN [TABLEOWNER].[D_SalesforceGeneration] JOIN [TABLEOWNER].[d_salesforcelocations] JOIN [TABLEOWNER].[D_SalesforceRecordTypes] JOIN [TABLEOWNER].[D_SalesforceWorkOrderDetails] JOIN [TABLEOWNER].[S_SalesforceWorkOrders],,S_SalesforceWorkOrders,WorkOrdersOpenCount,,,246,NULL,0,N
,F_SalesforceWorkOrders,Salesforce work orders count,Fact Table,WorkOrdersCapacityCharge,Work Orders Capacity Charge,"DECIMAL(15,2)",,True,F_SalesforceWorkOrders,FROM [TABLEOWNER].[D_Date] JOIN [TABLEOWNER].[D_ICP] JOIN [TABLEOWNER].[D_SalesforceCaseDetails] JOIN [TABLEOWNER].[D_SalesforceGeneration] JOIN [TABLEOWNER].[d_salesforcelocations] JOIN [TABLEOWNER].[D_SalesforceRecordTypes] JOIN [TABLEOWNER].[D_SalesforceWorkOrderDetails] JOIN [TABLEOWNER].[S_SalesforceWorkOrders],,S_SalesforceWorkOrders,WorkOrdersCapacityCharge,,,246,NULL,0,N
,F_SalesforceWorkOrders,Salesforce work orders count,Fact Table,WorkOrdersContractingTotalPrice,Work Orders Contracting Total Price,"DECIMAL(15,2)",,True,F_SalesforceWorkOrders,FROM [TABLEOWNER].[D_Date] JOIN [TABLEOWNER].[D_ICP] JOIN [TABLEOWNER].[D_SalesforceCaseDetails] JOIN [TABLEOWNER].[D_SalesforceGeneration] JOIN [TABLEOWNER].[d_salesforcelocations] JOIN [TABLEOWNER].[D_SalesforceRecordTypes] JOIN [TABLEOWNER].[D_SalesforceWorkOrderDetails] JOIN [TABLEOWNER].[S_SalesforceWorkOrders],,S_SalesforceWorkOrders,WorkOrdersContractingTotalPrice,,,246,NULL,0,N
,F_SalesforceWorkOrders,Salesforce work orders count,Fact Table,ODSInstanceCount,row count column,INTEGER,,True,F_SalesforceWorkOrders,FROM [TABLEOWNER].[D_Date] JOIN [TABLEOWNER].[D_ICP] JOIN [TABLEOWNER].[D_SalesforceCaseDetails] JOIN [TABLEOWNER].[D_SalesforceGeneration] JOIN [TABLEOWNER].[d_salesforcelocations] JOIN [TABLEOWNER].[D_SalesforceRecordTypes] JOIN [TABLEOWNER].[D_SalesforceWorkOrderDetails] JOIN [TABLEOWNER].[S_SalesforceWorkOrders],,,ODSInstanceCount,,,246,NULL,0,N
,F_SalesforceWorkOrders,Salesforce work orders count,Fact Table,ODSCreateDate,Date and time the row was created in the data warehouse.,DATETIME,,True,F_SalesforceWorkOrders,FROM [TABLEOWNER].[D_Date] JOIN [TABLEOWNER].[D_ICP] JOIN [TABLEOWNER].[D_SalesforceCaseDetails] JOIN [TABLEOWNER].[D_SalesforceGeneration] JOIN [TABLEOWNER].[d_salesforcelocations] JOIN [TABLEOWNER].[D_SalesforceRecordTypes] JOIN [TABLEOWNER].[D_SalesforceWorkOrderDetails] JOIN [TABLEOWNER].[S_SalesforceWorkOrders],,,ODSCreateDate,,,246,NULL,0,N
,F_SalesforceWorkOrders,Salesforce work orders count,Fact Table,ODSUpdateDate,Date and time the row was updated in the data warehouse.,DATETIME,,True,F_SalesforceWorkOrders,FROM [TABLEOWNER].[D_Date] JOIN [TABLEOWNER].[D_ICP] JOIN [TABLEOWNER].[D_SalesforceCaseDetails] JOIN [TABLEOWNER].[D_SalesforceGeneration] JOIN [TABLEOWNER].[d_salesforcelocations] JOIN [TABLEOWNER].[D_SalesforceRecordTypes] JOIN [TABLEOWNER].[D_SalesforceWorkOrderDetails] JOIN [TABLEOWNER].[S_SalesforceWorkOrders],,,ODSUpdateDate,,,246,NULL,0,N
,F_SalesforceCasesUnsafeServiceLine,Salesforce Cases unsafe Service Line counts,View,D_SalesforceCaseDetail_key,,INT,,False,F_SalesforceCasesUnsafeServiceLine,FROM [TABLEOWNER].[F_SalesforceCases] JOIN [TABLEOWNER].[S_SalesforceCases] JOIN [TABLEOWNER].[S_SalesforceCasesUnsafeServiceLine],,F_SalesforceCases,D_SalesforceCaseDetail_key,,,0,NULL,0,N
,F_SalesforceCasesUnsafeServiceLine,Salesforce Cases unsafe Service Line counts,View,D_SalesforceLocations_key,S_SalesforceCases.LocationCode=D_SalesforceLocations.LocationCode,INTEGER,,False,F_SalesforceCasesUnsafeServiceLine,FROM [TABLEOWNER].[F_SalesforceCases] JOIN [TABLEOWNER].[S_SalesforceCases] JOIN [TABLEOWNER].[S_SalesforceCasesUnsafeServiceLine],,F_SalesforceCases,D_SalesforceLocations_key,,,0,NULL,0,N
,F_SalesforceCasesUnsafeServiceLine,Salesforce Cases unsafe Service Line counts,View,D_SalesforceRecordType_key,S_SalesforceCases.RecordTypeCode=D_SalesforceRecordTypes.RecordTypeCode,INTEGER,,False,F_SalesforceCasesUnsafeServiceLine,FROM [TABLEOWNER].[F_SalesforceCases] JOIN [TABLEOWNER].[S_SalesforceCases] JOIN [TABLEOWNER].[S_SalesforceCasesUnsafeServiceLine],,F_SalesforceCases,D_SalesforceRecordType_key,,,0,NULL,0,N
,F_SalesforceCasesUnsafeServiceLine,Salesforce Cases unsafe Service Line counts,View,D_Date_key,S_SalesforceCases.CreatedDate=D_Date.CalendarDate,INTEGER,,False,F_SalesforceCasesUnsafeServiceLine,FROM [TABLEOWNER].[F_SalesforceCases] JOIN [TABLEOWNER].[S_SalesforceCases] JOIN [TABLEOWNER].[S_SalesforceCasesUnsafeServiceLine],,F_SalesforceCases,D_Date_key,,,0,NULL,0,N
,F_SalesforceCasesUnsafeServiceLine,Salesforce Cases unsafe Service Line counts,View,D_ICP_key,S_SalesforceCases.ICPorFSL=D_ICP.Install,INTEGER,,False,F_SalesforceCasesUnsafeServiceLine,FROM [TABLEOWNER].[F_SalesforceCases] JOIN [TABLEOWNER].[S_SalesforceCases] JOIN [TABLEOWNER].[S_SalesforceCasesUnsafeServiceLine],,F_SalesforceCases,D_ICP_key,,,0,NULL,0,N
,F_SalesforceCasesUnsafeServiceLine,Salesforce Cases unsafe Service Line counts,View,D_SalesforceFeedback_key,S_SalesforceCases.FeedbackArea=D_SalesforceFeedback.FeedbackArea S_SalesforceCases.TypeOfComplaint=D_SalesforceFeedback.TypeOfComplaint,INTEGER,,False,F_SalesforceCasesUnsafeServiceLine,FROM [TABLEOWNER].[F_SalesforceCases] JOIN [TABLEOWNER].[S_SalesforceCases] JOIN [TABLEOWNER].[S_SalesforceCasesUnsafeServiceLine],,F_SalesforceCases,D_SalesforceFeedback_key,,,0,NULL,0,N
,F_SalesforceCasesUnsafeServiceLine,Salesforce Cases unsafe Service Line counts,View,D_SalesforceGeneration_key,S_SalesforceCases.GenerationType=D_SalesforceGeneration.GenerationType S_SalesforceCases.EnergyStorageType=D_SalesforceGeneration.EnergyStorageType,INTEGER,,False,F_SalesforceCasesUnsafeServiceLine,FROM [TABLEOWNER].[F_SalesforceCases] JOIN [TABLEOWNER].[S_SalesforceCases] JOIN [TABLEOWNER].[S_SalesforceCasesUnsafeServiceLine],,F_SalesforceCases,D_SalesforceGeneration_key,,,0,NULL,0,N
,F_SalesforceCasesUnsafeServiceLine,Salesforce Cases unsafe Service Line counts,View,D_SalesforceUnsafeServ_key,S_SalesforceCasesUnsafeServiceLine.UnsafeServiceLineType=D_SalesforceUnsafeServiceLine.UnsafeServiceLineType,INTEGER,,False,F_SalesforceCasesUnsafeServiceLine,FROM [TABLEOWNER].[F_SalesforceCases] JOIN [TABLEOWNER].[S_SalesforceCases] JOIN [TABLEOWNER].[S_SalesforceCasesUnsafeServiceLine],,S_SalesforceCasesUnsafeServiceLine,D_SalesforceUnsafeServ_key,,,0,NULL,0,N
,F_SalesforceCasesUnsafeServiceLine,Salesforce Cases unsafe Service Line counts,View,D_ClosedDate_key,S_SalesforceCases.ClosedDate=D_ClosedDate.ClosedDate,INTEGER,,False,F_SalesforceCasesUnsafeServiceLine,FROM [TABLEOWNER].[F_SalesforceCases] JOIN [TABLEOWNER].[S_SalesforceCases] JOIN [TABLEOWNER].[S_SalesforceCasesUnsafeServiceLine],,F_SalesforceCases,D_ClosedDate_key,,,0,NULL,0,N
,F_SalesforceCasesUnsafeServiceLine,Salesforce Cases unsafe Service Line counts,View,UnsafeServiceLineCasesCount,UnsafeS ervice Line Cases Count,INTEGER,,True,F_SalesforceCasesUnsafeServiceLine,FROM [TABLEOWNER].[F_SalesforceCases] JOIN [TABLEOWNER].[S_SalesforceCases] JOIN [TABLEOWNER].[S_SalesforceCasesUnsafeServiceLine],,F_SalesforceCases,CasesCount,,,0,NULL,0,N
,F_SalesforceCasesUnsafeServiceLine,Salesforce Cases unsafe Service Line counts,View,UnsafeServiceLineCasesClosedCount,Unsafe Service Line Cases Closed Count,INTEGER,,True,F_SalesforceCasesUnsafeServiceLine,FROM [TABLEOWNER].[F_SalesforceCases] JOIN [TABLEOWNER].[S_SalesforceCases] JOIN [TABLEOWNER].[S_SalesforceCasesUnsafeServiceLine],,F_SalesforceCases,CasesClosedCount,,,0,NULL,0,N
,F_SalesforceCasesUnsafeServiceLine,Salesforce Cases unsafe Service Line counts,View,UnsafeServiceLineCasesOpenCount,Unsafe Service Line Cases Open Count,INTEGER,,True,F_SalesforceCasesUnsafeServiceLine,FROM [TABLEOWNER].[F_SalesforceCases] JOIN [TABLEOWNER].[S_SalesforceCases] JOIN [TABLEOWNER].[S_SalesforceCasesUnsafeServiceLine],,F_SalesforceCases,CasesOpenCount,,,0,NULL,0,N
,I_SalesforceCasesFeedback,Salesforce Cases Feedback,View,FeedbackArea,Feedback Area,VARCHAR(64),,True,I_SalesforceCasesFeedback,FROM [TABLEOWNER].[I_SalesforceCases],,I_SalesforceCases,FeedbackArea,"--only need the first value as could be multi-select until the change this to single select CASE 		WHEN I_SalesforceCases.FeedbackArea = '[]' THEN 'Not Applicable' 		ELSE CASE 				WHEN CHARINDEX(',', I_SalesforceCases.FeedbackArea) < 1 THEN LTRIM(RTRIM(REPLACE(REPLACE(REPLACE(I_SalesforceCases.FeedbackArea, '""', ''), ']', ''), '[', ''))) 				ELSE LEFT( 					LTRIM(RTRIM(REPLACE(REPLACE(REPLACE(I_SalesforceCases.FeedbackArea, '""', ''), ']', ''), '[', ''))) 					, -1 + CHARINDEX(',', LTRIM(RTRIM(REPLACE(REPLACE(REPLACE(I_SalesforceCases.FeedbackArea, '""', ''), ']', ''), '[', ''))) 					)) 			END 	END",,0,NULL,0,N
,I_SalesforceCasesFeedback,Salesforce Cases Feedback,View,TypeOfComplaint,Type Of Complaint,VARCHAR(64),,True,I_SalesforceCasesFeedback,FROM [TABLEOWNER].[I_SalesforceCases],,I_SalesforceCases,TypeOfComplaint,,,0,NULL,0,N
,I_SalesforceCasesUnsafeServiceLine,Salesforce Cases Feedback,View,UnsafeServiceLineType,Unsafe Service Line Type,VARCHAR(64),,True,I_SalesforceCasesUnsafeServiceLine,FROM [TABLEOWNER].[I_SalesforceCases],,I_SalesforceCases,,Value,,0,NULL,0,N
,I_SalesforceGeneration,"Salesforce Generation details from work order and cases. Multi select will be turned off for this field, but there is not harm in creating records for all values coming into here for now",View,GenerationType,Generation Type,VARCHAR(64),,True,I_SalesforceGeneration,FROM [TABLEOWNER].[I_SalesforceCases] JOIN [TABLEOWNER].[I_SalesforceWorkOrders],,I_SalesforceCases,GenerationType,"COALESCE(I_SalesforceCases.GenerationType, I_SalesforceWorkOrders.GenerationType)",,0,NULL,0,N
,I_SalesforceGeneration,"Salesforce Generation details from work order and cases. Multi select will be turned off for this field, but there is not harm in creating records for all values coming into here for now",View,EnergyStorageType,Energy Storage Type,VARCHAR(64),,True,I_SalesforceGeneration,FROM [TABLEOWNER].[I_SalesforceCases] JOIN [TABLEOWNER].[I_SalesforceWorkOrders],,I_SalesforceCases,EnergyStorageType,"   CASE 		WHEN ISNULL(I_SalesforceWorkOrders.EnergyStorageType, 'Not Applicable') = 'Not Applicable' THEN ISNULL(I_SalesforceCases.EnergyStorageType, 'Not Applicable') 		ELSE ISNULL(I_SalesforceWorkOrders.EnergyStorageType, 'Not Applicable') 	END",,0,NULL,0,N
